Position,School,Height,Weight,40yd,Vertical,Bench,Broad Jump,3Cone,Shuttle,Drafted
QB,UCLA,76,226,4.92,31,,111,7.09,4.28,Y
OLB,Temple,73,237,4.52,36.5,24,133,7.01,4.37,Y
QB,Oklahoma,70,207,,,,,,,Y
OT,Florida,77,307,5.12,31,26,104,7.87,4.64,Y
DT,Mississippi,75,294,4.87,35,28,116,,,Y
LB,Clemson,76,238,4.39,39,,132,,,Y
CB,Washington,71,190,4.55,36.5,14,120,,,Y
S,Washington,70,195,4.45,32.5,15,115,6.76,4.08,Y
WR,Texas A&M,70,201,4.47,35.5,20,115,7.09,4.45,Y
OLB,Missouri,74,260,4.9,,,,,,Y
WR,Massachusetts,69,188,4.31,36.5,15,121,6.95,4.15,Y
DL,Boston Col.,76,281,5,32,24,112,7.34,4.36,Y
OL,Houston,77,319,5.27,28.5,24,109,,,Y
RB,New Mexico,73,224,4.5,41.5,25,127,6.82,4.27,Y
CB,Texas A&M,71,197,4.37,30.5,18,118,6.85,4.19,Y
C,Michigan,76,307,5.23,23.5,23,104,7.77,4.78,Y
WR,Iowa State,77,227,4.48,36,18,128,,,Y
DL,Utah,77,330,5.15,,21,,,,Y
OG,Pittsburgh,77,300,5.27,30,21,114,8.39,5.09,Y
C,Missouri,74,302,5.33,28.5,24,96,7.52,4.69,Y
DL,LSU,74,308,5.07,,22,,8.03,,Y
RB,Fordham,69,205,4.55,34,19,122,6.79,4.07,Y
S,Alabama,73,195,,,,,,,Y
OT,Vanderbilt,79,311,5.47,28,23,111,7.71,4.72,Y
WR,Ala-Birmingham,70,156,4.28,36,,127,7.02,4.15,Y
OT,Harvard,77,306,5.32,26,22,103,7.88,4.59,Y
RB,North Carolina,69,196,4.37,33.5,17,121,,,Y
WR,Fresno State,73,201,4.6,30,14,117,7.28,4.23,Y
OL,Georgia,75,305,,,,,,,Y
LB,California,74,237,4.76,32,15,117,7.02,4.21,Y
CB,SE Louisiana,73,182,4.65,35.5,6,118,7.44,4.43,Y
RB,Arizona State,69,207,4.57,39,12,122,6.97,4.25,Y
TE,UCLA,76,240,4.56,29,,113,7.2,4.4,Y
TE,Louisville,75,244,4.87,,28,,7.62,4.7,Y
OL,Boston Col.,76,308,4.91,30.5,25,117,7.61,4.54,Y
CB,Clemson,73,195,4.42,34.5,15,129,,,Y
S,Florida,73,211,4.62,38,17,132,7.09,4.38,Y
OLB,UCLA,74,250,4.59,33,24,122,7.48,4.62,Y
WR,Alabama,73,189,4.43,31,15,110,6.88,4.41,Y
OT,Washington,79,317,5.05,33.5,23,111,7.66,4.58,Y
OLB,Clemson,75,246,4.53,41,35,130,6.91,4.15,Y
CB,LSU,73,203,4.48,36,,124,6.77,4.27,Y
DL,Auburn,75,303,5.04,,21,,,,Y
OLB,LSU,73,222,4.59,33,,120,,,Y
CB,Colorado,73,190,4.5,,,,,,Y
RB,Indiana,71,206,4.4,,22,,,,Y
OLB,LSU,73,232,4.58,34.5,18,122,6.89,4.21,Y
OL,Temple,76,307,5.18,30,23,110,7.45,4.6,Y
TE,Stanford,76,254,4.72,33,19,117,7,4.32,Y
DT,South Florida,73,314,5.16,26,35,100,7.77,4.79,Y
WR,East Carolina,70,192,4.56,36.5,11,114,6.63,4.21,Y
CB,Ohio State,71,193,,,,,,,Y
OLB,Minnesota,76,232,4.58,34,16,116,,,Y
LB,Fresno State,75,230,4.65,33,20,122,7.09,4.25,Y
S,California,73,208,,35.5,,117,,,Y
OG,Oregon State,76,303,5.15,30.5,26,105,8.16,4.81,Y
DT,Clemson,73,304,5.06,31,30,112,7.37,4.56,Y
CB,San Diego State,70,184,4.54,34,11,124,,,Y
RB,Pittsburgh,73,228,4.58,29.5,19,114,7.53,4.31,Y
RB,Wyoming,73,219,4.54,34,15,125,7.03,4.32,Y
CB,Washington,73,186,4.49,37,6,125,,,Y
TE,Drake,77,253,,33,22,121,,,Y
P,Syracuse,70,196,,,,,,,Y
CB,Alabama,73,197,4.41,,10,125,6.75,,Y
TE,South Carolina,76,250,4.67,31.5,,120,7.19,4.37,Y
WR,Oklahoma,69,166,,,,,,,Y
WR,Central Florida,74,212,,,,,,,Y
LB,LSU,73,229,4.5,35,18,125,,,Y
QB,Louisville,74,216,,,,,,,Y
OT,Notre Dame,78,312,5.2,28.5,,,8.03,4.9,Y
DE,Boise State,75,243,4.69,33,21,108,,,Y
OLB,Houston,75,247,4.65,37.5,21,127,6.75,,Y
TE,Minnesota,76,249,4.78,34.5,17,117,7.3,4.37,Y
RB,Ohio State,69,209,,,23,,,,Y
OL,Mississippi State,77,331,5.37,25,22,93,8.17,5.11,Y
DE,BYU,78,285,4.87,30,25,111,7.03,4.25,Y
DL,Texas A&M,75,293,4.83,,31,,7.37,,Y
DT,Michigan,77,298,,,23,,,,Y
OLB,Alabama,75,244,4.68,33.5,,124,7.36,4.57,Y
OT,Oklahoma,80,345,5.85,19.5,14,82,7.87,5.38,Y
TE,Oklahoma,77,256,4.67,31,17,113,7.34,4.38,Y
DT,Iowa,77,320,5.07,33,,103,7.91,4.47,Y
WR,Texas,70,200,4.39,35.5,,123,7.13,4.2,Y
WR,Notre Dame,76,220,4.42,43.5,12,140,6.77,4.07,Y
LB,Ohio State,75,247,4.66,36,,122,6.83,4.32,Y
CB,Temple,69,183,4.46,34.5,9,118,6.8,3.93,Y
WR,Cincinnati,73,206,4.53,37,10,130,6.76,4.2,Y
RB,Oklahoma State,70,198,4.4,40,21,130,,,Y
CB,Alabama,73,185,4.36,31.5,13,119,6.93,4.4,Y
DE,Kentucky,76,274,4.83,29,23,113,7.42,4.66,Y
OG,San Diego State,76,319,5.35,32,28,110,7.71,4.56,Y
ILB,UCLA,73,236,4.6,36,23,117,7.38,4.48,Y
OL,Oklahoma,76,307,,,21,,,,Y
RB,USC,73,221,4.53,35.5,11,121,6.96,4.28,Y
CB,USC,73,207,4.53,,16,,,,Y
OT,Nebraska,78,312,5.22,29.5,27,100,7.94,4.72,Y
DT,Michigan,75,303,5,30.5,28,110,7.57,4.53,Y
WR,New Mexico State,77,218,4.56,34.5,16,124,7.2,4.4,Y
RB,Louisiana Tech,70,215,4.56,37.5,18,121,6.97,4.28,Y
OL,Michigan,77,315,,,,,,,Y
DE,Grand Valley State,75,275,4.73,35,30,109,7.67,4.52,Y
OG,Texas A&M,76,332,5.22,,34,,,,Y
DL,Texas A&M,73,336,5.1,27,30,102,8.02,4.95,Y
WR,UCLA,73,203,4.5,34.5,8,112,,4.19,Y
DL,Texas Tech,74,305,,,23,,,,Y
TE,Pittsburgh,76,268,5.04,30.5,20,112,7.13,4.23,Y
OG,Tennessee State,77,326,5.44,27.5,,94,8.1,4.91,Y
S,Virginia Tech,73,208,4.54,34,16,122,6.85,4.07,Y
S,Texas,74,205,4.58,36,15,121,,,Y
QB,Penn State,73,202,4.57,33,,115,7.09,4.12,Y
WR,SMU,71,201,,34.5,20,,7.27,4.4,Y
WR,Georgia Tech,78,238,4.46,37,12,125,7.07,4.25,Y
CB,Virginia,73,193,4.49,38,16,124,7.03,4.09,Y
OT,Wagner,78,302,5.38,26,19,106,7.41,4.71,Y
S,Iowa,70,207,4.62,33.5,12,116,,,Y
LB,Virginia Tech,77,253,4.54,,19,117,,,Y
DE,Clemson,75,269,4.7,33,,120,7.16,4.21,Y
CB,LSU,71,192,4.47,32,16,119,6.9,4.32,Y
QB,Wyoming,77,237,4.75,33.5,,119,6.9,4.4,Y
DL,Houston,74,287,,36,32,120,,,Y
WR,East Carolina,74,201,4.45,36.5,15,133,6.79,4.01,Y
OT,Oklahoma,76,329,5.21,28.5,19,104,8.27,4.87,Y
ILB,Alabama,73,247,4.72,31.5,,116,,4.28,Y
CB,Florida State,71,193,4.38,41.5,12,129,6.94,4.14,Y
DL,Iowa,77,275,5.04,32.5,17,117,7.34,4.46,Y
OG,Temple,76,314,5.11,26,26,106,7.3,4.78,Y
RB,Florida Atlantic,67,203,4.66,35,15,117,7.32,4.4,Y
DT,Ohio State,75,301,5.17,27,21,99,8.06,4.79,Y
OG,Louisville,74,303,5.33,27,29,104,8.2,4.75,Y
RB,Utah,69,223,4.65,33,19,,,4.37,Y
DT,Stanford,76,307,5.21,32,42,103,7.28,4.5,Y
TE,Mississippi,76,254,,34.5,16,,7.12,4.27,Y
CB,Weber State,73,180,4.5,33,17,118,7.03,4.28,Y
WR,UCF,74,216,4.54,35,14,124,7.08,4.59,Y
QB,Ohio State,77,253,4.81,36,,,,,Y
LB,Florida,73,230,,,,,,,Y
S,Jacksonville State,73,199,4.56,40.5,17,122,7,4.28,Y
RB,Florida State,73,230,4.48,33.5,16,117,7.16,4.46,Y
RB,Arkansas,71,220,4.56,,16,,,,Y
OLB,Boston Col.,73,223,4.67,35,24,126,,,Y
OG,Virginia Tech,76,314,5.24,29,30,114,7.45,4.84,Y
QB,Georgia,74,219,5.01,30,,111,7.27,4.51,Y
QB,Pittsburgh,74,226,4.82,31,,110,7.14,4.31,Y
WR,Clemson,69,190,4.53,34.5,13,113,,,Y
K,Georgia Southern,70,185,,,,,,,Y
WR,TCU,73,197,4.39,35.5,15,129,,,Y
TE,Florida State,75,252,4.93,30.5,21,110,7.4,4.5,Y
ILB,Boise State,73,228,4.67,33.5,,121,,4.39,Y
WR,Oregon State,76,210,4.61,36.5,9,124,7.01,4.12,Y
CB,USC,71,186,4.39,35,12,124,,4.18,Y
TE,Boston Col.,76,251,4.83,,17,,,,Y
CB,Pittsburgh,73,187,4.57,35,,122,7.07,4.27,Y
EDGE,Florida State,77,249,4.53,36,,129,7.01,,Y
WR,Maryland,73,210,4.42,39.5,15,132,6.95,4.07,Y
OLB,Washington,73,228,4.64,33.5,,117,6.99,4.08,Y
DT,Louisiana Tech,76,323,5.33,29.5,26,104,7.82,4.76,Y
DL,Auburn,77,326,5.16,27,28,108,8.22,4.79,Y
RB,Stanford,71,202,4.48,37.5,10,121,6.57,4.22,Y
OT,Mississippi,77,310,5.33,25,,113,,4.74,Y
DL,Penn State,77,266,,34,20,120,,,Y
WR,Ohio State,71,196,4.31,37,18,119,7.09,4.33,Y
WR,Michigan,76,232,4.7,38.5,17,122,,,Y
CB,LSU,71,175,4.32,,7,124,,,Y
CB,Samford,73,211,4.5,36,16,124,6.91,4.21,Y
OT,West. Michigan,77,319,5.18,30.5,23,109,7.73,4.58,Y
S,Southern Illinois,75,221,4.45,41,20,138,,,Y
QB,West Virginia,74,217,4.84,34,,112,7.09,4.28,Y
CB,West Virginia,73,204,4.64,35.5,14,123,6.98,4.15,Y
DE,Texas A&M,77,266,4.76,36,18,123,7.03,4.38,Y
CB,Tennessee,73,193,4.61,30,8,119,7.16,4.33,Y
TE,Indiana,76,259,4.74,36,,123,7.15,4.2,Y
OT,Oklahoma,77,327,5.34,26,27,97,,5.15,Y
CB,Notre Dame,71,193,4.4,35.5,13,119,6.94,4.26,Y
EDGE,Alabama,75,247,,38.5,,118,,,Y
EDGE,Mississippi,75,235,4.67,32,23,123,7.14,4.45,Y
CB,Oklahoma,71,185,4.5,35.5,19,116,,,Y
CB,Miami (FL),70,183,4.55,,,,,,Y
RB,Florida,71,208,4.47,30,21,116,7.37,4.63,Y
RB,Auburn,70,212,4.53,36.5,,118,7.13,,Y
OT,South Carolina,77,317,5.23,26.5,20,103,7.95,4.92,Y
CB,Florida International,73,192,4.48,34,,127,,,Y
K,Georgia Tech,76,199,,,,,,,Y
ILB,North Carolina,73,237,4.63,,19,,,,Y
WR,Georgia,71,184,4.55,36.5,,117,6.96,,Y
DT,Miami (FL),75,314,5.25,,30,,,,Y
TE,Montana State,76,253,4.74,35,23,124,7.1,4.33,Y
QB,North Carolina,74,222,4.67,27.5,,116,6.87,4.25,Y
WR,West Virginia,75,215,4.35,36.5,23,123,6.92,4.14,Y
OLB,Georgia,73,236,4.51,,,,,,Y
OLB,Georgia,78,244,4.6,39.5,,127,,,Y
DT,Florida State,76,336,5.28,,,,,,Y
C,Iowa,75,306,,30.5,21,108,7.29,4.4,Y
TE,Notre Dame,78,262,4.7,37,,123,7.44,4.41,Y
TE,Ashland,78,278,4.79,32.5,24,121,7.09,4.38,Y
CB,Utah,73,193,4.5,36.5,15,124,7.01,4.13,Y
WR,Memphis,71,201,,,22,,,,Y
OT,Kansas State,76,301,5.02,25.5,16,110,7.32,4.58,Y
C,Oregon,75,297,5.03,,,,,,Y
DE,Florida,75,285,4.93,32,23,116,7.31,4.56,Y
RB,Iowa State,70,222,4.63,28.5,15,121,,,Y
RB,Michigan State,73,208,4.42,34.5,,118,7.22,4.32,Y
S,Alabama,73,201,,,10,,,,Y
ILB,West Virginia,74,243,4.73,32,19,120,7.16,4.22,Y
LB,Western Kentucky,73,229,4.6,35,19,117,7.06,4.28,Y
RB,North Carolina A&T,66,179,4.42,31.5,11,118,,,Y
S,Miami (FL),73,199,4.64,36,17,123,,,Y
WR,Georgia,73,199,4.58,30.5,13,124,7.22,4.28,Y
S,Penn State,73,218,4.56,35.5,,122,7.09,4.03,Y
DT,Delaware,76,306,4.95,,29,,,,Y
OG,Kutztown Pennsylvania,75,309,5.36,27,21,102,8.13,4.73,Y
RB,Indiana,73,230,4.57,34,16,122,,,Y
DL,Tulsa,75,261,,,25,,,,Y
CB,Georgia Southern,70,191,4.44,39.5,22,133,7.14,4.28,Y
WR,Tulane,70,176,4.38,37,9,124,,,Y
EDGE,Utah,76,263,4.69,32.5,31,117,6.88,4.19,Y
OG,TCU,78,353,5.55,29.5,,,,4.77,Y
S,William & Mary,73,201,4.54,32.5,13,115,7.15,4.28,Y
WR,Georgia,75,215,4.53,33.5,,113,7,,Y
OT,Alabama,76,302,5.12,28,23,100,8.01,4.79,Y
QB,LSU,75,221,,,,,,,Y
OT,Texas A&M,77,306,4.98,,23,,,,Y
C,Ohio State,76,305,,,,,,,Y
CB,Houston,73,189,4.37,,10,116,,,Y
WR,Washington,71,188,4.22,37,,133,,,Y
WR,Clemson,76,216,,,,,,,Y
TE,Washington,77,255,4.71,33.5,,115,7.15,4.31,Y
OT,Oregon,78,306,5.01,32.5,25,,7.25,4.33,Y
WR,Pittsburgh,73,197,4.58,34,11,119,6.9,4.35,Y
LB,Wyoming,74,241,4.63,32,21,121,7.07,4.27,Y
LB,North Carolina State,74,240,4.57,32.5,24,116,,,Y
DE,Kansas State,76,255,4.53,39,24,125,6.85,4.28,Y
DE,Ohio State,77,270,,35,,116,6.84,4.32,Y
OLB,Texas,75,236,4.52,36,27,125,,,Y
TE,Rutgers,77,246,4.75,,17,,,,Y
ILB,Utah State,74,239,4.72,31.5,,115,6.73,4,Y
ILB,TCU,73,235,4.93,28,21,109,,4.49,Y
QB,North Carolina State,76,213,4.73,30.5,,116,7.2,4.2,Y
LB,Appalachian State,73,224,,,21,,,,Y
RB,Miami (FL),70,202,4.6,31.5,18,118,,,Y
DE,Auburn,74,261,4.67,33,35,114,7.46,4.19,Y
CB,USC,73,201,4.44,37.5,26,130,7.01,4.12,Y
DT,Baylor,73,311,5.05,27.5,31,113,8.05,4.82,Y
DL,Arizona State,77,318,5.01,32,30,118,7.65,4.53,Y
WR,Tennessee,75,208,4.4,30.5,10,121,7.05,4.19,Y
DT,Arizona State,75,307,4.91,,27,,,,Y
OT,Ohio State,78,312,5.27,32.5,19,116,7.71,4.71,Y
DT,Michigan,75,302,5.13,27.5,20,105,7.55,4.5,Y
DL,Notre Dame,76,268,,,,,,,Y
CB,Illinois State,73,200,4.43,32.5,22,123,6.96,4.4,Y
K,Memphis,69,167,4.79,,,,,,Y
DE,Virginia,76,296,5.03,28,31,101,7.51,4.48,Y
OG,Arizona State,75,298,5.12,,34,98,7.69,4.71,Y
CB,West. Michigan,70,190,4.54,,,,,,Y
OT,Utah,77,309,,,27,,,,Y
OL,Kansas,76,302,5.17,34,26,115,,,Y
RB,Texas A&M,68,206,4.51,33,19,121,7.44,4.44,Y
S,Fresno State,70,200,4.61,,,,,,Y
WR,Mississippi,75,205,4.47,31.5,14,119,,,Y
LB,Auburn,71,234,,31,25,111,,4.38,Y
RB,Oklahoma,73,224,,,25,,,,Y
LB,Purdue,73,235,,,15,,,,Y
WR,West Virginia,68,180,4.43,34,13,121,6.64,4.07,Y
QB,Toledo,73,213,4.79,31.5,,103,6.94,4.15,Y
OT,Mississippi,75,320,5.24,30.5,,99,,,Y
WR,Florida State,77,228,4.68,31,,112,,,Y
OL,Alabama,76,312,5.05,34.5,,113,,4.84,Y
DT,Washington,74,339,5.64,30.5,34,95,7.99,4.65,Y
WR,Baylor,71,194,4.42,40.5,17,129,,,Y
C,Florida State,77,313,5.15,30.5,30,112,7.48,4.63,Y
DE,Texas A&M,76,272,4.64,41,33,128,,,Y
QB,Oklahoma,73,215,4.84,29,,111,7,4.28,Y
S,Michigan,71,213,4.46,35.5,19,128,,,Y
TE,Miami (FL),76,246,4.64,37.5,21,133,6.97,4.34,Y
CB,Ohio State,70,191,4.32,39,16,136,,,Y
DE,Oklahoma State,76,273,4.63,35.5,20,121,7.26,4.5,Y
OG,Nevada,76,306,5.15,28,19,106,7.87,4.5,Y
RB,Georgia,71,227,4.52,38.5,29,128,7.09,4.25,Y
S,LSU,74,213,,,,,,,Y
CB,LSU,74,185,4.37,,,,,,Y
DE,Utah,75,250,4.8,31.5,,115,7.28,4.43,Y
QB,Notre Dame,76,233,4.83,30.5,,107,7.4,4.53,Y
DE,Penn State,79,277,4.84,28.5,21,114,7.27,4.37,Y
DE,Charlotte,75,305,4.97,32,26,116,7.55,4.75,Y
DE,Miami (FL),78,281,4.92,29,,116,,,Y
OT,Auburn,77,307,5.18,,22,,,,Y
RB,Miami (FL),69,207,4.54,33.5,,121,,,Y
LB,BYU,73,238,4.63,37,24,125,7.21,4.28,Y
DL,Missouri,76,302,5.02,27.5,24,,,4.73,Y
QB,USC,73,220,4.89,29.5,,104,7.32,4,Y
DT,Washington State,75,293,4.86,29,29,110,7.23,4.37,Y
LB,LSU,75,229,4.66,39,,126,7.38,4.33,Y
WR,Florida,71,200,4.41,34,,121,,,Y
WR,Auburn,74,215,4.43,38,18,132,,,Y
S,Northwestern,71,208,4.52,,23,,,,Y
TE,Florida Atlantic,77,243,4.73,32.5,13,110,7.41,4.37,Y
S,Miami (FL),73,196,4.44,39,,130,,4.14,Y
WR,Washington State,74,224,4.67,35.5,,117,6.93,4.13,Y
CB,Houston,73,184,4.57,33.5,,119,6.68,3.94,Y
S,TCU,70,207,4.5,37.5,,123,7.05,4.29,Y
OLB,Wisconsin,73,244,4.76,33.5,22,111,7.11,4.3,Y
ILB,Memphis,73,248,4.59,36,26,124,6.9,4.36,Y
WR,UCLA,73,207,4.47,34.5,,121,7.08,4.33,Y
LB,Alabama,73,240,,32,,117,,,Y
OT,Florida State,79,298,,,,,,,Y
OL,Washington,73,302,5.1,29.5,20,103,,,Y
OT,Baylor,78,315,5.27,27,30,100,7.88,4.66,Y
K,Oklahoma,69,213,,,,,,,Y
WR,Colorado State,73,196,4.64,32,13,116,,,Y
DT,Florida,75,307,5.14,27,21,105,7.66,4.62,Y
WR,Michigan,74,212,4.48,44.5,,139,,,Y
CB,Louisville,70,180,4.44,34.5,,123,7.07,4.2,Y
TE,USC,76,250,4.83,,20,,,,Y
ILB,USC,73,240,4.78,31,19,110,7.07,4.39,Y
K,Arizona State,73,202,,,,,,,Y
CB,Oregon,69,192,4.52,,,,,,Y
ILB,Arizona,73,239,4.9,31,22,113,,4.47,Y
RB,North Carolina State,69,205,4.47,28,18,109,,,Y
WR,Oklahoma,74,198,4.5,34.5,11,124,,,Y
ILB,Boise State,76,256,4.65,39.5,20,124,6.88,4.15,Y
CB,Connecticut,73,199,4.43,44.5,,147,6.78,3.94,Y
DE,Michigan,78,277,4.92,33,25,116,7.17,4.39,Y
RB,Ohio State,73,225,4.47,32.5,,118,,,Y
OLB,Notre Dame,74,223,4.67,,,,,,Y
OT,Texas,77,296,5.05,34,26,112,7.83,4.63,Y
CB,Alabama,73,205,,,,,,,Y
DL,Central Florida,75,308,5.04,35,28,115,7.7,4.38,Y
DE,Nebraska,77,235,4.64,36.5,24,125,,,Y
CB,Colorado,73,202,4.43,34.5,16,132,6.81,4.14,Y
DT,Nebraska,74,311,5.03,29.5,25,109,7.53,4.52,Y
WR,Colorado State,73,205,4.51,36,10,122,6.95,4.37,Y
DL,Oklahoma,74,304,4.79,,23,,7.97,5.01,Y
OL,Penn State,77,308,,,28,112,7.66,4.57,Y
OT,Florida,77,314,5.16,29.5,21,106,8,4.7,Y
CB,Michigan,70,188,4.54,34.5,15,121,,,Y
DE,Oklahoma,75,271,4.59,34,23,119,,,Y
CB,Tulsa,73,205,4.44,36,22,132,7.09,4.18,Y
ILB,Minnesota,73,245,4.77,37,22,119,7.21,4.2,Y
RB,Memphis,73,210,4.52,35,13,121,,,Y
WR,North Carolina,68,181,4.51,32,11,116,6.77,4,Y
QB,Mississippi State,74,226,4.79,32.5,,116,7.11,4.32,Y
TE,Stanford,77,244,4.75,32,15,120,7,4.4,Y
OL,Wisconsin,76,314,,,,,,,Y
CB,Miami (FL),73,210,4.45,40.5,13,130,7.12,4.12,Y
DE,Purdue,76,269,4.75,32.5,25,119,7.25,4.47,Y
DL,Miami (FL),76,275,,27,22,109,,,Y
QB,Western Kentucky,77,224,5.09,27,,96,7.4,4.4,Y
DL,Utah,75,257,4.93,31,25,115,7.44,4.43,Y
CB,Purdue,71,192,4.33,35,19,115,7.03,4.19,Y
S,Louisiana Tech,71,197,4.54,33.5,19,122,6.72,4.13,Y
OLB,Indiana,74,245,4.78,,23,,,,Y
WR,Boise State,74,197,4.55,37,9,121,6.89,4.23,Y
S,Central Michigan,73,217,4.53,,18,,,,Y
S,Texas A&M,73,199,,36,18,127,,,Y
CB,Florida State,73,194,4.59,36,,123,,,Y
RB,Ohio State,70,211,4.47,33.5,22,,,,Y
OLB,Wyoming,74,232,4.56,,24,,,,Y
RB,Alabama,73,228,4.52,40,14,129,,4.34,Y
WR,Ohio State,74,222,,,19,,7.07,4.33,Y
EDGE,Oregon,77,256,4.92,32.5,19,113,7.22,4.59,Y
OT,Virginia Tech,78,305,5.04,33.5,24,113,7.72,4.56,Y
WR,Alabama,73,193,4.45,35,,120,,4.53,Y
OT,Utah,77,297,4.95,28,,115,7.29,4.55,Y
TE,Iowa,76,249,4.5,39.5,20,127,6.81,4.22,Y
DE,Missouri,75,245,4.68,,21,,,,Y
QB,Memphis,79,244,4.86,36,,118,7.14,4.26,Y
DE,North Carolina State,76,269,4.65,36,24,121,7.37,4.41,Y
WR,SMU,75,218,4.54,35.5,18,124,6.57,4.11,Y
OT,Kansas State,77,312,5.3,28.5,23,110,7.69,4.52,Y
QB,Missouri,76,228,4.69,31,,112,7.03,4.12,Y
WR,Penn State,69,178,,,15,,,,Y
DE,Florida State,76,280,,,18,,,,Y
OT,Colorado State,78,311,5.36,29,23,97,7.54,4.58,Y
DT,Georgia Tech,76,287,4.88,,,,,,Y
RB,Oregon,71,229,4.54,34,17,118,6.9,4.16,Y
DL,Ohio State,75,281,5.12,31.5,,110,7.71,4.53,Y
CB,Iowa,73,200,4.45,36,,122,6.87,4.21,Y
WR,Louisiana Tech,71,199,4.46,36,13,131,7.18,4.35,Y
OL,LSU,75,312,5.27,,25,,,,Y
TE,Ohio State,77,254,4.81,,26,,,,Y
DL,Arkansas,75,309,4.98,,27,,,,Y
S,Boston Col.,74,202,4.61,40,16,126,6.58,3.85,Y
CB,Boston Col.,73,190,4.52,,8,120,,4.18,Y
ILB,Iowa,73,234,4.82,33,18,117,6.8,4.27,Y
WR,Penn State,73,203,,34.5,,118,6.84,4.15,Y
TE,Missouri,77,258,4.49,,,,,,Y
C,Florida,76,309,5.24,,,,,,Y
RB,Utah,71,219,4.56,,22,,,,Y
OG,Missouri,76,306,5.11,33,33,109,7.5,4.65,Y
TE,Michigan,77,246,,,,,,,Y
TE,Wisconsin,77,247,,,14,,,,Y
EDGE,Oregon,77,248,4.5,36.5,25,119,7.06,4.4,Y
CB,Tulane,70,182,4.5,33.5,9,115,7.2,4.26,Y
WR,Georgia,67,173,4.42,36,11,123,6.64,4.15,Y
LB,Wake Forest,75,238,4.74,29,,113,,4.49,Y
FB,Nebraska,73,238,4.81,34,30,119,7.28,4.32,Y
OL,Fresno State,75,315,,,44,,,,Y
OG,Arizona State,77,305,5.32,27,28,101,7.92,4.86,Y
ILB,Washington,74,230,4.79,30.5,21,117,7.26,,Y
P,Syracuse,76,221,5.04,,,,,,Y
WR,Florida,74,209,4.46,39.5,13,126,,,Y
DL,North Dakota State,76,251,4.79,33.5,24,120,6.87,4.34,Y
OT,Ohio State,79,310,5.23,29,20,101,7.7,4.76,Y
C,Arkansas,77,312,,,26,,,,Y
ILB,Florida,73,238,,,,,,,Y
OG,Duke,75,323,5.33,31.5,25,103,8.17,4.87,Y
CB,Ohio State,73,205,4.48,41,11,135,,,Y
TE,Iowa,77,251,4.7,37.5,17,123,7.02,4.18,Y
RB,Georgia,68,212,4.48,35.5,,121,,,Y
RB,Auburn,71,213,,40,11,126,7.07,4.29,Y
LB,Hawaii,74,250,,,,,,,Y
DT,Alabama,76,307,5.2,26,22,106,7.8,4.74,Y
CB,Florida,73,199,4.62,31,9,120,,,Y
RB,Nebraska,69,205,4.6,42.5,24,130,6.79,3.95,Y
DL,Notre Dame,76,252,,,27,,,,Y
OL,Ohio State,75,306,5.23,26,28,98,7.83,5.02,Y
CB,Stanford,73,196,4.51,40,17,121,7.05,4.07,Y
S,Boston Col.,73,207,4.41,36.5,20,123,6.91,4.12,Y
C,Michigan,78,307,5.13,25,23,106,7.63,4.63,Y
WR,Northern Illinois,76,218,4.5,35.5,18,120,7,4.15,Y
S,Southern Utah,74,217,4.65,38,22,127,6.93,4.18,Y
DT,Auburn,75,300,5.07,26.5,34,100,7.73,4.56,Y
EDGE,Clemson,76,271,,,,,,,Y
OL,Kentucky,78,317,5.3,26,,104,8,4.83,Y
OLB,Tennessee,73,230,,,,,,,Y
TE,Toledo,76,270,4.86,30,,110,7.05,4.51,Y
CB,Penn State,74,205,4.47,36.5,17,120,6.82,4.16,Y
OT,Washington State,76,304,5.18,31,28,109,7.64,4.77,Y
OT,Oregon,77,309,5.23,30,17,105,7.89,4.77,Y
WR,Wisconsin,73,202,4.73,38.5,23,124,7.2,4.33,Y
FB,Rutgers,71,242,4.65,33,25,115,7.2,4.34,Y
WR,Old Dominion,74,215,4.58,36.5,15,126,,,Y
DL,Utah,73,318,,25.5,23,,,4.93,Y
CB,Texas,69,196,4.56,35.5,17,113,7.22,4.15,Y
DT,Penn State,76,277,4.81,30.5,28,109,7.63,4.39,Y
DT,Arkansas,75,280,4.84,32.5,29,113,7.55,4.56,Y
LS,Baylor,73,240,4.95,27.5,,110,7.05,4.38,Y
QB,Miami (FL),76,214,,,,,,,Y
TE,Georgia,75,244,4.91,28,19,,7.45,4.43,Y
FB,San Diego State,74,245,,,,,,,Y
OT,South Carolina,79,324,5.34,,28,,,,Y
DL,Michigan,76,277,4.58,38,26,120,7.26,4.29,Y
CB,Louisville,71,192,4.38,35,14,127,6.71,3.98,Y
S,Maryland,71,198,4.36,39.5,11,126,7.03,4.14,Y
QB,Utah State,76,224,4.74,35.5,,118,7.21,4.52,Y
DT,UCLA,75,314,5.06,28.5,29,102,,4.62,Y
S,Arizona State,71,196,4.46,38,14,120,6.83,4.07,Y
CB,Washington,75,200,4.43,39.5,11,,6.56,3.89,Y
OL,Mississippi State,76,310,,28,29,109,7.77,4.62,Y
CB,Iowa,73,192,4.56,38,18,123,6.86,4.03,Y
OT,Indiana,78,301,4.94,31.5,31,115,7.7,4.44,Y
S,North Carolina State,73,220,4.41,37.5,20,132,,,Y
CB,Miami (OH),71,195,4.57,36.5,14,122,7.1,4.28,Y
RB,Boston College,73,247,4.53,41,23,131,7.19,,Y
TE,Texas A&M,76,251,4.75,31.5,17,113,7.19,4.31,Y
OLB,Utah State,77,245,4.72,34.5,15,121,,,Y
OLB,Vanderbilt,75,233,4.59,39.5,18,131,6.82,4.15,Y
DT,Auburn,76,304,4.87,29,22,108,7.62,4.89,Y
WR,Stanford,73,221,4.55,40.5,,121,6.97,4.21,Y
TE,Cincinnati,74,242,4.72,35.5,25,115,7.15,4.35,Y
OLB,Wisconsin,75,246,4.67,33.5,21,118,6.92,4.3,Y
OLB,Michigan,74,240,4.65,34.5,20,120,7.11,4.2,Y
ILB,Stanford,74,237,4.71,28.5,22,113,6.98,4.2,Y
RB,BYU,73,212,4.59,30,,123,7.25,4.53,Y
DE,Northwestern,78,296,4.87,32.5,30,114,7.26,4.38,Y
OL,Washington State,77,308,5.33,28.5,26,97,7.86,4.88,Y
QB,UCLA,75,226,4.63,36,,120,6.93,3.98,Y
DL,Texas A&M,75,288,4.95,31.5,,111,7.55,4.46,Y
WR,California,73,188,4.42,38.5,11,124,6.6,4.22,Y
P,Alabama,78,208,4.83,30.5,,114,7.28,4.41,Y
WR,South Florida,76,206,4.37,30.5,15,124,,,Y
LB,Minnesota,75,240,,,,,,,Y
RB,Texas-El Paso,69,208,4.56,37.5,16,127,6.82,4.2,Y
OL,Michigan,76,306,5.08,30.5,24,107,7.57,4.69,Y
RB,Notre Dame,71,212,4.57,36,17,130,7,4.16,Y
OT,Stanford,78,305,5.19,,23,,,,Y
WR,Notre Dame,77,214,4.48,,20,,,,Y
OL,Oregon,76,303,5.5,,33,,,,Y
OL,Indiana,76,313,,,37,,,,Y
LB,TCU,73,241,4.51,36,27,123,,,Y
DE,California,75,287,4.89,35.5,28,113,7.32,4.37,Y
DL,Miami,76,263,4.82,36,23,125,,,Y
WR,LSU,74,196,4.52,39.5,11,135,7.19,4.26,Y
QB,Clemson,74,221,4.66,32.5,,119,6.95,4.31,Y
CB,Wake Forest,73,188,4.52,41.5,,130,6.79,3.89,Y
WR,Notre Dame,73,186,4.32,33.5,10,126,6.93,4.27,Y
DL,TCU,75,290,4.9,29,,107,7.77,4.67,Y
ILB,Mississippi State,76,246,4.66,40.5,16,121,7.21,4.27,Y
C,Notre Dame,76,299,5.22,28,28,97,7.57,4.72,Y
CB,Kentucky,74,213,4.52,38,15,129,7.01,4.1,Y
OLB,Vanderbilt,75,234,4.67,35,15,125,7.03,4.29,Y
S,Stanford,73,204,4.4,36.5,16,128,6.65,4.15,Y
WR,Arizona State,74,217,4.44,42,,123,,,Y
OL,Mississippi State,76,308,,,24,,,,Y
WR,Ohio State,73,201,4.5,35,17,123,6.65,4.07,Y
TE,San Diego State,77,252,4.67,36.5,19,122,7.21,4.25,Y
RB,Texas,73,233,,,18,,,,Y
DL,Florida,75,263,4.87,30.5,22,113,7.13,4.34,Y
TE,Central Florida,75,249,,,,,,,Y
WR,Texas Tech,70,181,4.43,34.5,14,113,6.93,4.15,Y
RB,San Jose State,70,192,4.41,39,17,130,,,Y
OL,North Carolina,80,311,5.16,28,21,112,8.02,4.86,Y
CB,Penn State,70,187,4.49,36.5,20,129,6.95,3.97,Y
DT,Clemson,75,309,,,25,,,,Y
S,West Virginia,73,210,4.53,,11,121,,,Y
DL,Texas,77,280,4.92,36.5,,115,7.48,4.36,Y
DT,Clemson,75,327,5.33,29.5,30,99,7.9,4.71,Y
CB,Oregon State,74,206,4.62,31,11,116,,,Y
WR,Rhode Island,74,198,4.45,36,,121,7.28,4.62,Y
WR,Michigan State,73,215,4.54,32.5,,121,7.07,4.25,Y
DE,Wake Forest,76,264,,,,,,,Y
TE,Mississippi State,77,265,4.74,27,16,111,7.5,4.75,Y
EDGE,Stanford,75,252,4.57,34,19,121,7.13,4.36,Y
DT,Rice,74,289,4.9,,,,,,Y
RB,LSU,73,226,4.83,27,,111,7.17,4.4,Y
C,Baylor,77,307,5.24,26,23,96,7.71,4.84,Y
S,Ohio State,73,206,,,,,,,Y
C,Alabama,76,311,5.03,30,26,103,7.58,4.59,Y
WR,Miami (FL),70,185,4.33,37,13,122,6.7,4.11,Y
OG,Notre Dame,77,325,,26.5,35,105,7.65,4.62,Y
CB,Temple,73,192,4.51,39.5,18,120,7.31,4.31,Y
WR,USC,76,223,4.52,36.5,13,121,6.96,4.14,Y
OLB,South Carolina State,74,234,4.7,,17,,,,Y
OG,Auburn,78,315,5.22,33.5,35,113,,4.77,Y
RB,Wisconsin,70,226,4.39,36,17,123,7.01,4.24,Y
CB,Florida,73,211,4.54,32,14,118,6.86,4.02,Y
EDGE,TCU,75,250,4.62,40,23,134,7.02,4.27,Y
EDGE,Rutgers,77,253,4.65,,,,,,Y
S,Clemson,74,209,4.34,35.5,13,129,,,Y
WR,Ohio State,73,205,4.31,40,11,135,,4.03,Y
EDGE,Ohio State,75,265,,35.5,,122,,,Y
CB,Florida Atlantic,70,187,4.37,36,18,124,6.96,4.26,Y
DE,Ohio,76,269,4.7,31.5,15,119,7.27,4.35,Y
OT,Texas Tech,77,316,5.16,,18,,,,Y
S,Utah,73,187,,,,,,,Y
LB,Stanford,73,239,4.58,33.5,,122,7.25,4.26,Y
DE,Stanford,78,294,4.97,30,,111,7.2,4.19,Y
RB,North Carolina State,68,198,4.38,35.5,,119,7.18,4.35,Y
S,Central Florida,74,218,4.55,37,22,120,7.21,4.27,Y
S,Michigan State,71,213,4.52,34.5,22,118,,,Y
DT,Texas,75,303,5.02,32,24,113,8.28,4.82,Y
QB,Washington,78,231,4.89,27.5,,110,7.5,4.75,Y
ILB,Florida,73,232,4.76,,,,,,Y
OG,USC,80,353,5.58,23.5,22,92,8.31,5.21,Y
RB,South Florida,71,213,4.5,35.5,15,125,,,Y
S,USC,74,198,,42,,136,6.63,4.01,Y
OL,Ball State,76,306,4.91,29.5,24,110,7.76,4.62,Y
DT,Stanford,73,308,5.38,29,34,103,,,Y
OT,North Dakota State,78,304,5.16,27.5,,111,7.47,4.47,Y
CB,Temple,73,196,4.52,35.5,14,118,,,Y
ILB,Northwestern,73,238,4.65,30.5,23,116,7.23,4.34,Y
RB,Mississippi,73,216,,36,16,117,,4.27,Y
WR,Clemson,74,202,4.43,33.5,11,115,6.71,4.37,Y
DL,Penn State,76,290,4.9,28.5,21,111,7.47,4.44,Y
EDGE,Mississippi State,76,252,4.63,35,24,114,7.27,4.42,Y
RB,Mississippi State,68,217,4.7,32,21,113,,,Y
ILB,Georgia,73,244,4.83,32,23,111,7.35,4.27,Y
WR,Washington State,76,225,4.48,36,15,132,7.28,4.38,Y
OT,Utah,79,310,5.18,27,25,109,7.85,4.66,Y
OL,Mississippi,75,307,5.13,27.5,27,98,7.72,4.78,Y
C,Iowa,74,298,5.36,27.5,29,99,7.52,4.53,Y
LB,LSU,75,254,,,,,,,Y
DT,Florida,76,291,4.98,35,30,119,7.12,4.48,Y
RB,LSU,73,240,4.51,28.5,,,,,Y
CB,Florida State,73,209,4.41,41.5,14,135,6.94,4.18,Y
EDGE,Kentucky,77,262,4.63,,28,118,7.15,4.23,Y
CB,Florida,73,204,4.39,37.5,20,127,,,Y
OT,Alabama,78,322,5.15,26,,106,7.81,4.82,Y
OT,Florida,77,312,,,24,,,,Y
RB,Alabama,73,226,4.61,36,22,117,7.19,4.22,Y
OLB,UCLA,73,245,4.56,,19,,,,Y
WR,Colorado,73,227,4.58,,17,,,,Y
OG,South Carolina,75,313,5.47,,26,,,,Y
DE,Illinois,75,264,4.77,29.5,,117,7.18,4.39,Y
DE,Maryland,74,252,4.75,34.5,26,118,7.35,4.5,Y
TE,San Jose State,77,249,4.63,34,22,117,7.21,4.47,Y
DL,Ohio State,76,320,5.14,29.5,33,102,7.72,,Y
S,Alabama,75,214,,34,,120,,,Y
DT,Notre Dame,73,293,5.07,30,21,102,7.44,4.5,Y
S,Louisville,74,209,4.56,32.5,,123,7.04,,Y
WR,Oklahoma,73,178,,,,,,,Y
OL,Saint John's (MN),78,309,,,,,,,Y
OT,North Carolina State,78,306,5.26,31.5,,108,7.8,4.83,Y
CB,Michigan State,69,185,4.42,,17,,,,Y
LB,Miami,73,234,4.74,31,23,120,,,Y
WR,Florida State,71,182,4.53,36.5,,122,6.88,4.12,Y
RB,Temple,71,220,4.45,30,22,114,7.02,4.29,Y
ILB,Ohio,71,238,4.65,37,,124,6.92,4.18,Y
S,Auburn,70,215,4.51,37,24,125,,,Y
WR,Texas,78,222,,,17,,,,Y
QB,Washington State,73,225,4.97,33.5,,116,7.14,4.45,Y
DT,Ohio State,74,293,5.04,,,,,,Y
QB,Oregon State,78,224,,,,,,,Y
QB,Arkansas,73,217,4.84,28,,110,7.06,4.33,Y
QB,Nebraska,76,218,4.98,32,,115,7,4.41,Y
CB,Minnesota,70,200,4.28,37.5,13,124,7.06,4.22,Y
TE,Notre Dame,77,255,4.79,,,,,,Y
EDGE,Wisconsin,75,246,4.48,34.5,26,122,7.14,4.44,Y
DL,Auburn,75,319,5.15,,24,,7.81,4.77,Y
QB,Texas Tech,74,225,4.8,30,,114,6.88,4.08,Y
CB,Washington,73,197,4.53,37.5,17,121,7.08,4.08,Y
RB,LSU,67,207,4.6,39.5,15,123,,,Y
DT,Mississippi State,78,310,5.03,24.5,26,106,7.44,4.62,Y
DT,Mississippi,75,283,4.87,32.5,,110,7.63,4.65,Y
OG,Missouri,77,305,5.14,31,36,112,7.6,4.5,Y
WR,Georgia,70,187,4.33,36.5,17,119,,,Y
DE,Villanova,79,289,4.83,30,23,128,7.46,4.62,Y
S,Virginia,73,205,4.42,44,21,141,,,Y
LB,Mississippi State,73,243,4.46,39.5,21,136,7.08,4.3,Y
OLB,Clemson,73,223,4.61,32,21,119,6.64,4.07,Y
CB,Notre Dame,71,192,4.49,,17,,,,Y
DT,Florida State,73,317,5.38,27,25,96,8.15,5.02,Y
WR,Georgia,74,213,4.35,45,18,139,7.06,4.3,Y
RB,Toledo,70,216,4.62,36.5,18,119,,,Y
OL,TCU,78,315,,,,,,,Y
CB,Oregon State,70,197,4.49,34.5,19,115,6.88,4.07,Y
OT,Cincinnati,78,310,5.26,27.5,,97,,,Y
CB,Minnesota,71,199,4.49,39.5,15,124,7.08,4.05,Y
ILB,Georgia,74,237,4.77,35,23,111,,4.51,Y
S,Texas A&M,71,205,,35,13,120,7.25,4.37,Y
WR,Florida,73,203,4.59,34.5,,123,6.77,4.19,Y
S,Louisiana Tech,73,192,4.37,41,12,131,,,Y
WR,Michigan,75,204,4.47,35.5,10,132,6.7,4.09,Y
QB,Stanford,75,218,4.78,32.5,,113,6.9,4.31,Y
CB,Georgia Tech,71,193,4.49,33,17,132,7.18,4.33,Y
DT,Tennessee,77,314,5.15,29.5,26,105,7.94,4.68,Y
CB,South Carolina,71,193,4.52,34,12,117,,4.25,Y
DE,Virginia Tech,75,235,4.74,41,14,116,7.04,4.38,Y
DT,Southern Miss,74,307,5.02,34,26,114,7.67,4.69,Y
WR,Northern Illinois,73,205,4.54,37,17,120,7.04,4.11,Y
CB,Tulane,73,202,,36,,126,,,Y
WR,Alabama,71,188,4.27,42,,131,,,Y
CB,Ohio State,73,195,4.56,,,,,,Y
S,Clemson,74,227,4.41,34.5,20,124,,,Y
WR,Kentucky,71,204,,,13,,,,Y
WR,South Carolina,75,212,,,,,,,Y
OL,Clemson,76,321,5.24,30,34,107,8.03,4.87,Y
CB,Louisiana Tech,68,187,,,,,,,Y
S,Florida State,75,215,4.47,40,21,132,,,Y
LB,Oklahoma,74,241,4.52,38,21,129,,,Y
DL,Notre Dame,78,295,4.93,32,23,115,7.45,4.33,Y
QB,Oregon,78,236,4.68,35.5,,123,7.06,4.46,Y
WR,Clemson,76,218,,32.5,15,121,,,Y
OG,Western Kentucky,76,309,5,27.5,34,111,7.55,4.62,Y
EDGE,USC,75,251,4.65,32,20,119,,,Y
OG,Indiana,76,305,5.24,28,26,101,7.52,4.68,Y
DT,North Carolina State,74,309,5.09,29,24,104,7.82,4.74,Y
RB,UCLA,71,212,4.49,31,23,121,6.95,4.28,Y
S,Miami (FL),73,214,4.51,37,19,128,,,Y
S,West Virginia,74,216,,35.5,21,113,,,Y
LB,Notre Dame,74,234,4.57,37.5,31,122,6.94,4.14,Y
S,Iowa,70,201,,34,14,117,6.67,4.18,Y
WR,Virginia,73,224,4.47,38,21,123,,,Y
C,UCLA,76,310,5.09,33.5,25,111,7.5,4.69,Y
S,Notre Dame,70,201,4.6,32,17,119,6.81,4.08,Y
OT,Utah,77,311,5.27,26,15,107,7.84,4.6,Y
WR,Texas Tech,75,226,4.59,38.5,18,130,6.56,4.03,Y
LB,Houston,74,245,4.65,33,20,119,7.38,4.38,Y
WR,Ohio State,73,196,4.6,32.5,17,114,,,Y
DE,Notre Dame,76,280,4.89,31.5,25,114,,,Y
RB,Northwestern,73,199,4.52,38.5,13,122,6.81,4.07,Y
QB,California,76,215,4.82,27,,110,7.17,4.47,Y
TE,South Alabama,75,239,4.62,37.5,22,126,6.99,4.33,Y
RB,Florida State,70,217,4.47,35.5,20,122,,4.42,Y
WR,Florida,73,200,,,,,,,Y
S,Washington,73,208,,35,17,115,6.82,3.99,Y
S,Utah,71,202,4.46,33.5,20,122,,,Y
WR,East. Washington,74,204,4.62,31,,116,6.75,4.08,Y
RB,Memphis,68,208,4.49,33.5,22,121,,,Y
LB,Alabama,77,262,,37,,124,,,Y
OT,TCU,77,309,4.96,24,27,102,7.65,4.44,Y
S,Troy,73,205,4.61,37,14,119,6.72,4.18,Y
OT,Oklahoma,76,312,5.2,,22,,,,Y
TE,Western Kentucky,78,249,4.77,,,,,,Y
C,Michigan State,73,298,5.34,26.5,27,99,7.81,4.71,Y
WR,South Carolina,71,203,4.52,31,15,115,,,Y
WR,Texas A&M,75,194,4.52,37,,124,6.83,4.13,Y
DL,Washington,73,312,5.16,31,30,109,,,Y
TE,Purdue,76,245,4.66,33.5,21,116,7.25,4.28,Y
ILB,Virginia,74,238,4.66,35.5,,121,7.05,4.24,Y
EDGE,Oklahoma,73,253,4.77,38,27,121,,,Y
OT,Wisconsin,78,308,5.28,25.5,,99,7.69,4.77,Y
RB,Tennessee,70,216,,35,15,120,7.13,4.51,Y
TE,South Carolina State,77,244,4.71,30.5,18,115,6.88,4.31,Y
DT,Tulane,73,296,5.24,27,22,105,7.53,4.57,Y
ILB,Kentucky,75,249,4.91,30.5,11,118,,,Y
OG,Maine,76,319,5.58,23.5,17,98,7.86,4.95,Y
S,Ohio State,74,203,4.67,35.5,,122,,4.27,Y
EDGE,Louisville,76,258,4.78,33,25,114,6.99,4.4,Y
FB,Virginia Tech,70,231,4.93,32,19,114,7.27,4.34,Y
OLB,Pittsburgh,71,241,4.84,31.5,20,117,,4.34,Y
LB,Baylor,73,227,,,18,,,,Y
OL,Clemson,74,314,5.21,24.5,26,104,,,Y
LB,Texas Tech,73,232,4.77,31.5,23,116,6.88,4.04,Y
DB,Alabama,73,201,4.46,33,14,121,,,Y
OT,Mississippi,77,310,5.23,,,,,,Y
DL,Clemson,75,315,5.04,29.5,28,107,,4.55,Y
WR,Louisville,75,209,4.45,36.5,17,125,,,Y
OL,USC,77,322,5.07,31,27,115,7.95,,Y
DE,Missouri,75,253,4.82,32,21,109,7.47,4.42,Y
CB,Auburn,70,198,4.48,37,15,128,,,Y
QB,Alabama,73,217,,,,,,,Y
CB,Baylor,73,201,4.58,33,11,122,7.18,4.15,Y
OL,Louisiana-Lafayette,77,323,,,,,,,Y
TE,Penn State,77,247,4.54,41.5,22,129,6.76,4.1,Y
DT,Oklahoma,77,329,5.17,30,28,105,7.88,4.68,Y
ILB,Ohio State,74,240,4.61,33,23,121,7.15,4.39,Y
DL,Alabama,78,311,5.12,28,24,111,7.95,4.86,Y
S,Texas,71,198,,,,,,,Y
RB,Alabama,73,210,4.45,34.5,10,123,7.04,4.21,Y
OLB,Ohio State,73,229,4.53,36.5,22,126,,,Y
OL,Wisconsin,77,309,5.23,28,21,105,7.88,4.81,Y
WR,Rutgers,73,211,4.5,35.5,14,120,,,Y
CB,Clemson,73,199,4.4,29.5,13,121,7,4.32,Y
OL,Georgia,75,337,,,,,,,Y
OG,Arizona State,76,304,5.25,29,28,99,7.99,4.75,Y
TE,Notre Dame,77,253,4.81,31,18,110,7.17,4.23,Y
RB,Arizona State,73,228,4.46,33.5,15,122,6.91,4.35,Y
CB,Memphis,69,195,4.51,36,17,130,6.8,3.82,Y
RB,Boise State,73,221,4.57,39,19,121,7.1,4.1,Y
LB,Wisconsin,75,241,,38,17,123,6.89,4.14,Y
DL,North Carolina,76,275,4.89,31,26,113,7.45,4.37,Y
WR,Michigan State,74,192,4.61,36,10,114,6.92,4.13,Y
OG,Utah,75,323,5.34,25.5,35,102,7.83,4.93,Y
LB,Boise State,74,265,,32.5,,116,7,4.27,Y
DT,LSU,75,310,5.27,,18,,,,Y
LS,LSU,75,229,5.07,31,,112,7.43,4.52,Y
DT,Oklahoma State,75,304,5.07,28.5,26,108,7.58,4.72,Y
OT,Ohio State,78,305,5.09,27,23,115,7.9,5.02,Y
S,Penn State,73,201,4.54,,,,,,Y
QB,Western Kentucky,75,213,5.22,27,,103,7.49,4.52,Y
TE,UCLA,74,231,4.72,33.5,12,118,6.97,4.24,Y
RB,Washington,69,205,4.58,35.5,24,118,7.19,4.27,Y
WR,Virginia Tech,73,194,4.61,35.5,14,127,6.94,4.34,Y
WR,Navy,69,186,4.63,36,10,122,7.12,4.31,Y
CB,Michigan State,73,186,4.31,38,19,122,7.06,4.39,Y
OL,North Carolina State,75,306,4.92,31,34,104,7.41,4.53,Y
WR,LSU,73,202,4.43,37.5,,126,,,Y
WR,Mississippi,74,221,4.52,33,12,117,,,Y
CB,Central Florida,71,191,4.53,35.5,20,127,6.7,4.13,Y
CB,TCU,70,191,4.48,37.5,17,124,7.26,,Y
RB,Florida State,70,210,4.49,30.5,22,116,7.27,4.53,Y
ILB,UCLA,73,232,4.61,38,19,124,,,Y
TE,Alabama,74,242,4.63,32.5,19,110,7.32,4.33,Y
CB,Clemson,70,190,4.43,,11,,,,Y
OL,Boise State,78,311,4.93,30,30,111,7.26,4.46,Y
OT,Pittsburgh,79,297,4.82,29.5,22,107,7.14,4.5,Y
RB,Boise State,71,221,4.67,35,22,127,7.13,4.29,Y
C,Ohio State,75,303,5.32,23.5,22,99,7.94,4.71,Y
DE,LSU,77,252,4.57,,25,,,,Y
CB,Mississippi State,74,188,4.64,34.5,,,,,Y
DE,Ohio State,77,283,4.82,32,25,,,,Y
DT,Iowa,75,316,5.38,28,19,100,7.64,4.62,Y
OT,Pittsburgh,77,309,5.14,32.5,22,111,7.68,4.54,Y
OT,Oklahoma,77,305,5.29,27.5,28,101,7.89,4.7,Y
DL,South Carolina,77,258,4.73,34.5,20,123,7.25,4.44,Y
ILB,Michigan,74,244,4.75,34.5,27,119,6.98,4.13,Y
OT,West. Michigan,77,321,5.28,25.5,20,103,7.96,4.71,Y
DL,Baylor,76,289,5.01,29,23,111,7.39,4.39,Y
LB,Oregon,75,231,,,,,,,Y
TE,Southern Illinois,74,251,4.58,38,17,118,7.25,4.37,Y
WR,Maryland,73,195,4.46,35,,115,7.03,4.32,Y
TE,Central Michigan,75,254,4.8,38,18,120,7.13,4.23,Y
OLB,Missouri,73,245,4.89,28.5,19,110,6.99,4.11,Y
LB,USC,74,238,4.69,39,15,123,,4.23,Y
K,Auburn,77,213,,,,,,,Y
CB,Temple,71,197,4.52,41,14,133,7.15,4.27,Y
WR,South Florida,73,189,4.44,29.5,8,125,6.98,4.28,Y
WR,Miami,71,203,4.48,37.5,18,123,7,4.35,Y
OG,Miami (FL),75,306,5.03,29,26,94,8.13,4.9,Y
OT,Oklahoma,77,324,5.35,29,29,97,,4.92,Y
TE,Texas-San Antonio,76,262,,,,,,,Y
DL,Arkansas,77,300,5.23,,,,,,Y
DE,Louisville,76,284,5.06,,26,,,,Y
TE,Virginia Tech,78,257,4.57,39,18,134,,4.45,Y
S,Michigan,71,209,4.55,36.5,20,124,6.94,4.4,Y
OG,Appalachian State,77,311,5.2,25,32,103,7.6,4.83,Y
DE,Tulane,78,262,4.6,38.5,18,128,7.53,4.48,Y
CB,Texas,71,201,4.45,36.5,19,127,6.94,4.08,Y
WR,Miami (FL),73,195,4.45,34,10,122,,,Y
DE,Northwestern,75,258,4.72,31.5,25,128,7.26,4.4,Y
DL,Michigan State,75,264,4.87,32.5,32,119,7.39,,Y
OLB,Vanderbilt,76,267,4.61,31,23,117,,,Y
OT,Alabama,76,315,5.39,29,17,94,8.04,4.7,Y
OLB,Newberry,75,245,4.61,37,20,121,7.49,4.38,Y
WR,Oregon,73,197,4.46,36.5,12,122,,4.29,Y
S,Clemson,76,216,4.62,31.5,16,124,7.06,,Y
QB,Iowa,76,235,4.81,28.5,,108,7.26,4.48,Y
CB,North Carolina State,73,202,4.54,35,21,125,,,Y
WR,Colorado State,73,204,4.51,38,14,124,6.88,4.16,Y
S,Mississippi State,74,213,4.52,,,,,,Y
OG,Georgia,75,313,,,,,,,Y
RB,Georgia,71,214,4.54,,22,,,4.21,Y
DT,Texas,74,319,5.05,29.5,26,98,7.84,4.59,Y
WR,Arizona State,74,228,4.53,38.5,27,122,,,Y
S,Lenoir-Rhyne,73,217,4.49,42,17,134,,,Y
CB,Florida,70,208,4.46,,15,,,,Y
CB,Alabama,70,197,4.49,33,10,116,6.71,4.21,Y
LB,Michigan,73,245,,,18,,,,Y
S,Stanford,71,211,4.65,32,13,111,6.74,4.22,Y
OT,West Virginia,77,312,,,32,,,,Y
TE,Virginia Tech,76,253,4.71,34,21,125,7.07,4.19,Y
EDGE,Michigan,75,256,4.59,30.5,18,116,6.94,4.11,Y
OT,North Carolina State,77,304,4.95,28.5,28,110,7.47,4.54,Y
DE,Youngstown State,76,248,4.61,35,30,123,6.94,4.4,Y
OT,Troy,78,302,5.15,31,24,108,7.98,4.94,Y
RB,Alabama,70,216,4.57,37,16,121,,,Y
LB,Alabama,74,256,,,,,,,Y
QB,North Carolina State,76,231,4.94,31,,113,7.17,4.53,Y
TE,UCLA,75,257,4.73,30.5,16,115,,,Y
DT,Nebraska,76,329,5.19,29,17,110,8.03,4.59,Y
OLB,Oklahoma,75,262,4.81,37,20,117,7.24,4.38,Y
DE,Arkansas,74,266,4.93,36.5,28,121,7.34,4.4,Y
OG,Florida State,76,330,5.52,25,,96,,,Y
WR,Georgia,73,198,4.45,36,15,129,6.94,4.34,Y
OL,Arkansas,77,306,5.2,27.5,31,105,7.51,4.54,Y
DE,Arkansas,77,274,4.92,33,22,124,,,Y
QB,Auburn,74,218,4.81,31,,110,7.28,4.33,Y
DL,Maryland,75,298,5.16,30,26,111,,,Y
P,Stanford,73,200,4.72,33,,117,,,Y
LS,Navy,74,242,4.91,33,30,,,,Y
ILB,Arizona State,74,244,4.75,32,28,114,7.03,4.25,Y
OL,Michigan,75,344,,,26,,,,Y
OL,Wake Forest,76,308,5.26,33,27,105,8.41,4.88,Y
WR,Miami (FL),69,184,,,11,,,,Y
OT,UCLA,80,307,5.18,28.5,,105,7.52,4.58,Y
QB,LSU,74,222,4.76,30.5,,114,7.09,4.37,Y
TE,Florida State,77,256,4.94,33,18,110,7.15,4.43,Y
CB,Mississippi,71,203,4.43,43,18,133,6.85,4.14,Y
OLB,Alabama,75,260,4.74,29.5,19,100,7.56,4.53,Y
CB,Ohio State,73,193,4.36,38.5,,132,,,Y
DT,Louisville,73,299,5.03,34.5,28,118,7.44,4.59,Y
OT,Stanford,79,313,5.18,31,,105,8.01,4.62,Y
DE,Texas-San Antonio,78,264,4.58,33.5,22,124,7.2,4.41,Y
OL,Michigan,75,307,5.08,33,28,113,7.91,4.64,Y
ILB,Clemson,75,243,4.56,37,23,122,7.07,4.03,Y
OT,Wisconsin,78,310,,,25,,,,Y
S,Utah,73,202,4.56,43.5,14,129,6.85,4.2,Y
OLB,Washington,74,253,4.93,,,,,,Y
WR,Ohio State,75,212,4.57,35,18,126,6.8,4.13,Y
OL,Texas A&M,76,303,4.89,31,29,107,8.28,4.62,Y
S,Ohio State,71,199,4.52,,16,,,,Y
DE,Florida Atlantic,76,266,4.65,33.5,,122,7.03,4.2,Y
TE,Dayton,77,255,4.8,34.5,18,114,6.78,4.27,Y
RB,Tennessee,70,214,4.56,39.5,15,131,,,Y
LB,Wisconsin,74,238,4.65,32.5,24,115,7,4.31,Y
QB,Colorado State,74,213,4.75,,,,,,Y
OLB,Florida,75,241,4.63,30.5,16,116,6.88,4.25,Y
CB,Florida State,73,194,4.57,40,12,132,7.08,4.28,Y
OT,Florida State,79,311,,,19,,,,Y
OLB,Tenn-Chattanooga,74,246,4.57,42.5,26,132,,,Y
DT,Fresno State,74,316,5.18,33,32,105,7.53,4.46,Y
S,Wisconsin,73,198,4.4,35.5,25,120,,,Y
CB,Georgia,73,189,4.5,33,,118,,,Y
S,Rutgers,73,206,4.48,,14,125,,,Y
CB,Boston Col.,71,200,,,,,,,Y
DE,Miami (FL),75,253,4.88,30.5,22,117,7.25,4.47,Y
RB,Missouri,69,198,4.61,29,11,109,,4.4,Y
TE,Notre Dame,76,249,4.7,36,22,120,7.27,4.34,Y
RB,California,73,209,4.46,41.5,23,135,7.22,4.26,Y
C,LSU,76,311,5.39,29,25,97,8.04,4.92,Y
CB,Ohio State,73,199,4.4,,13,,,,Y
DL,Clemson,76,342,5.05,,36,,,,Y
TE,Mississippi,75,234,4.42,36,19,125,6.92,4.23,Y
RB,Penn State,73,233,4.4,41,29,,,4.24,Y
CB,Georgia,71,193,4.52,,14,118,,,Y
OL,Georgia,77,315,5.22,30.5,21,109,7.58,4.66,Y
QB,Duke,77,221,4.81,33.5,,120,7,4.41,Y
OT,Miami (FL),78,329,5.31,,37,,,,Y
S,Alabama,73,228,4.53,35,,120,7.38,4.33,Y
OG,Texas-El Paso,74,327,5.15,24,37,104,7.59,4.7,Y
S,Alabama,73,201,4.63,36,19,122,,,Y
WR,Oklahoma,70,194,4.48,41,20,123,7,4.35,Y
DT,Alabama,75,310,5.19,27,,110,7.68,4.59,Y
EDGE,Georgia,78,250,4.5,36,,130,,,Y
DT,North Carolina State,76,311,4.99,26.5,35,101,7.28,4.53,Y
S,Boise State,74,208,4.69,32.5,12,118,7.26,4.33,Y
DE,UCLA,75,267,4.62,39,25,127,7.36,4.19,Y
QB,California,77,229,4.79,33,,118,6.92,4.21,Y
EDGE,Old Dominion,75,253,4.78,34,24,118,7.13,4.57,Y
OL,Connecticut,79,318,5.06,30,26,113,8.01,4.92,Y
QB,Richmond,75,222,4.81,31,,113,6.95,4.07,Y
CB,Notre Dame,71,195,4.54,36,14,121,6.72,4.1,Y
OLB,Clemson,73,242,4.69,34.5,30,118,7.05,4.51,Y
CB,UCLA,70,195,4.48,,12,,,,Y
RB,Clemson,73,215,4.6,29.5,21,120,7.17,4.28,Y
DT,Miami (FL),76,286,,,,,,,Y
LB,Wisconsin,74,242,4.66,34.5,,118,7.09,4.31,Y
RB,UCLA,70,208,4.54,32,19,124,,,Y
OL,Oregon,76,310,5.11,25.5,,107,8.13,4.9,Y
DE,Youngstown State,75,264,4.79,32.5,14,114,7.25,4.43,Y
WR,Auburn,73,190,4.39,40.5,11,135,7,4.15,Y
LB,Penn State,77,233,4.72,35.5,16,123,,,Y
TE,South Carolina,77,247,4.64,32.5,,117,7.05,4.31,Y
WR,Connecticut,74,216,4.49,36.5,23,124,6.86,4.18,Y
OT,Pittsburgh,78,304,5.23,29.5,23,96,8.02,4.94,Y
LB,Minnesota,75,236,4.57,36,,126,,,Y
OG,Florida State,77,329,5.61,,,,,,Y
DL,Syracuse,76,307,5.13,29,28,101,,4.73,Y
OL,Louisville,79,364,5.1,,23,,,,Y
OLB,Ohio State,73,232,4.47,35.5,17,133,7.12,4.2,Y
QB,USC,75,221,4.85,26.5,,105,6.96,4.4,Y
DL,Alabama,75,303,4.83,30.5,,112,,,Y
DT,USC,77,302,4.97,29.5,,106,7.59,4.53,Y
S,LSU,73,214,4.56,31.5,18,120,6.96,4.13,Y
WR,Ohio State,73,196,4.42,39,10,122,,4.15,Y
S,Florida,73,210,,,,,,,Y
QB,Penn State,76,223,4.78,31,,114,7.04,4.33,Y
WR,Baylor,75,207,4.38,38.5,16,131,6.66,4.43,Y
EDGE,Florida,75,258,4.84,32,,,,,Y
S,California,73,202,,,14,,,,Y
DT,Fort Hays State,77,315,5.09,31,,112,7.5,4.53,Y
WR,Alabama,71,204,4.49,34,,124,,,Y
DL,Florida,75,264,4.64,33,29,127,,,Y
OLB,Louisville,76,259,4.85,32,23,112,7.47,4.58,Y
OLB,Georgia,75,259,4.8,36.5,16,121,,,Y
OT,USC,75,308,5.19,,21,,,,Y
QB,Baylor,75,230,4.87,34,,121,6.91,4.13,Y
CB,North Carolina State,73,212,4.53,36.5,19,122,7.1,4.4,Y
RB,Florida,71,216,4.62,35,22,118,7.13,4.31,Y
TE,West Virginia,75,267,4.89,31,24,117,7.18,4.38,Y
QB,Florida International,76,229,4.89,29,,112,7.51,4.64,Y
OL,Charlotte,76,308,5.29,25,26,101,,,Y
WR,California,74,202,4.53,35,11,119,6.74,4.13,Y
TE,Clemson,77,258,,33,18,114,7.12,4.33,Y
OG,Texas A&M,76,330,5.19,29.5,26,102,7.51,4.62,Y
LB,Minnesota,73,237,4.5,37.5,18,124,6.95,4.12,Y
OT,South Carolina,77,324,5.22,30.5,22,112,,,Y
CB,Virginia,73,202,,,11,,,,Y
OLB,West Georgia,75,248,4.75,29.5,26,116,7.02,4.46,Y
CB,Tulane,73,180,4.32,,15,,,,Y
RB,Louisiana,70,214,4.53,36,15,120,7.26,4.56,Y
P,Texas A&M,71,198,4.83,31,,111,7.03,4.13,Y
CB,Rutgers,73,198,,,15,,,,Y
CB,Michigan,75,220,,,20,,,,Y
DT,NW State (LA),76,321,5.12,29.5,35,105,7.92,4.76,Y
WR,Clemson,74,209,4.45,35.5,12,122,6.96,4.46,Y
S,West Virginia,70,205,4.57,,,,,,Y
OT,UCLA,81,309,4.95,31.5,24,121,7.34,4.49,Y
CB,Ohio State,73,195,4.44,37,11,129,6.68,4.18,Y
RB,Alabama,70,220,,,,,,,Y
S,Mississippi State,71,205,4.45,,,116,,,Y
WR,Alabama,73,211,4.42,33,,120,6.71,3.98,Y
EDGE,Clemson,76,264,,,25,,7.26,4.4,Y
DE,Florida State,75,279,4.76,32.5,32,120,7.44,4.55,Y
CB,Clemson,73,199,4.46,34.5,,123,,,Y
DT,Illinois,77,297,5.11,25,20,111,7.38,4.63,Y
S,Connecticut,76,224,4.4,44,17,141,,,Y
OT,North Carolina A&T,80,305,5.4,28.5,,113,7.82,4.68,Y
TE,Miami (FL),76,251,4.79,35,20,120,7.32,4.57,Y
DE,Michigan State,76,251,4.82,35,23,115,6.97,4.25,Y
EDGE,LSU,78,238,,31,,117,7.16,4.25,Y
DT,UCLA,75,305,4.99,28.5,28,111,7.69,4.39,Y
QB,Michigan State,76,217,4.79,33,,113,7.21,4.28,Y
DL,East. Michigan,77,255,4.66,36,,122,6.89,4.13,Y
CB,Wisconsin,71,208,4.52,,17,123,,,Y
OG,Miami (FL),76,323,5.33,26.5,,97,,4.74,Y
OT,Florida,78,343,5.44,20.5,19,97,7.87,4.78,Y
CB,Houston,74,208,4.4,36.5,,133,6.81,4.06,Y
TE,LSU,76,253,4.66,36.5,22,121,7.16,4.11,Y
ILB,Kansas,73,231,4.59,33.5,19,120,6.68,4,Y
RB,Texas Tech,68,204,4.49,34.5,24,116,7.03,4.2,Y
WR,Clemson,70,184,4.59,35,7,116,6.8,4.19,Y
OLB,Florida,74,236,4.65,,22,,,,Y
ILB,Wake Forest,75,240,,31,25,118,,,Y
P,Florida,73,210,,,,,,,Y
OLB,Virginia,77,251,4.83,36.5,,121,7.59,4.37,Y
ILB,Washington,73,240,4.72,32.5,19,115,7.2,4.4,Y
S,Washington State,71,202,4.55,31,12,116,6.87,4.21,Y
WR,Oklahoma State,76,216,4.62,34,13,121,7.07,4.25,Y
OT,LSU,77,326,5.57,24,25,95,8.04,4.9,Y
RB,North Carolina,73,232,,,18,,,,Y
DT,Toledo,74,300,,,,,,,Y
DE,Tennessee,75,259,4.88,31,,117,6.96,4.44,Y
WR,USC,73,198,4.42,,12,,,,Y
WR,TCU,71,206,4.47,42,17,138,7.31,4.46,Y
OT,Washington State,77,315,4.96,29,24,118,7.44,4.4,Y
QB,North Dakota State,77,237,4.77,30.5,,118,6.86,4.15,Y
CB,Washington,73,186,4.47,33.5,,123,7.02,4.28,Y
CB,Utah,73,205,4.45,39,19,125,6.7,3.97,Y
TE,South Dakota State,77,256,,,23,,,,Y
RB,Penn State,71,211,4.49,36,20,124,6.89,4.19,Y
QB,Oklahoma,73,222,4.59,35,,125,,,Y
WR,Stanford,74,225,,,,,,,Y
LB,Colorado,73,228,4.49,35,21,127,6.96,4.26,Y
OG,Oregon State,76,303,5.19,26,,105,7.4,4.52,Y
OLB,Texas,73,236,4.68,38,20,124,6.78,4.15,Y
CB,West Virginia,74,209,4.59,33.5,16,120,6.97,4.26,Y
WR,North Carolina,76,221,4.53,,,,,,Y
CB,Pittsburgh,69,180,4.39,37,13,125,6.51,4,Y
S,Clemson,71,206,4.53,38,18,133,6.76,4.15,Y
EDGE,Florida State,76,251,4.53,39.5,,124,,4.28,Y
RB,San Diego State,68,176,4.48,33.5,5,117,,,Y
EDGE,Penn State,76,254,4.69,29.5,16,,,4.45,Y
OL,Auburn,77,306,5.02,29.5,23,114,,,Y
RB,West Virginia,70,208,4.47,33.5,14,120,6.83,4.28,Y
OT,TCU,78,320,5.26,29,23,113,8.26,5,Y
WR,West Virginia,71,191,4.5,32,8,118,6.83,4.2,Y
QB,Northwestern,76,222,,,,,,,Y
WR,Boise State,73,189,4.43,38.5,,122,7.07,4.21,Y
S,Nebraska,74,218,4.58,30.5,17,122,,,Y
CB,Kansas,71,199,4.62,,14,,,,Y
LB,Temple,73,235,4.51,32.5,14,121,7.07,4.24,Y
WR,Southern Miss,73,185,4.35,36.5,,125,7.28,4.36,Y
OL,Auburn,77,308,,,,,,,Y
DT,Washington,73,313,5.13,31.5,33,105,7.65,4.66,Y
S,LSU,73,191,4.61,37,16,123,6.86,4,Y
LB,Stanford,76,250,4.62,39,17,126,7.08,4.21,Y
DE,Florida,78,239,4.8,34.5,,128,7.01,4,Y
LB,Michigan,71,234,4.43,40.5,21,124,6.93,4.23,Y
DE,Kentucky,76,269,4.56,42,,138,,,Y
CB,Miami (FL),73,193,4.46,31.5,,,,,Y
S,Virginia Tech,74,220,4.47,41.5,,134,,,Y
OLB,Wisconsin,76,252,4.69,37,21,128,6.79,4.13,Y
WR,Notre Dame,76,238,4.42,40.5,19,126,,,Y
CB,Mississippi,69,176,4.46,33.5,15,120,6.81,4.2,Y
CB,Maryland,73,201,4.46,37.5,21,126,6.64,3.97,Y
WR,Oklahoma State,71,213,4.54,34.5,14,120,7.11,4.32,Y
WR,USC,73,215,4.54,32.5,15,120,,,Y
DL,Charlotte,75,248,4.7,33,,125,7.32,4.31,Y
RB,Pittsburgh,73,233,4.65,29,20,113,,,Y
WR,Toledo,70,183,4.53,33.5,15,123,7.09,4.45,Y
QB,Oklahoma State,77,235,4.9,26,,,,,Y
CB,Michigan State,74,192,4.5,37.5,,134,6.9,4.09,Y
WR,Auburn,73,212,4.43,41,23,131,6.98,4.06,Y
DT,South Carolina State,73,309,4.93,34.5,29,109,7.9,4.7,Y
OT,West. Michigan,78,320,5.31,23.5,19,102,7.87,4.8,Y
CB,Tennessee,71,188,4.52,34,11,120,6.81,,Y
CB,Ohio State,70,200,4.44,33,21,116,,4.33,Y
OT,LSU,78,305,5.23,23.5,23,100,8.19,4.89,Y
RB,Maryland,68,208,4.44,29.5,,116,,,Y
QB,Tennessee,75,216,4.64,33,,122,6.75,4.31,Y
TE,Michigan,80,265,4.9,29.5,12,110,7.4,4.53,Y
S,Penn State,74,202,,37,15,127,,4.32,Y
TE,Penn State,79,261,4.83,37.5,26,121,7.53,4.5,Y
TE,North Carolina State,71,225,4.54,34.5,18,121,6.93,4.28,Y
CB,Utah,75,215,4.48,34.5,15,117,6.64,4.34,Y
DL,Alabama,75,306,5.15,24.5,20,96,8.01,4.83,Y
S,Maryland,71,220,4.64,34.5,18,,,,Y
DT,Central Michigan,77,319,5.25,27,25,103,7.91,4.78,Y
DE,Miami (FL),75,267,4.79,34.5,27,114,7.17,4.25,Y
LS,Louisville,76,248,5.19,28,,115,,,Y
OLB,Washington,76,230,4.5,40,,130,7.2,4.42,Y
OT,Maryland,76,320,5.26,,26,90,,,Y
WR,Houston,69,182,4.72,33,,123,,,Y
DL,Nebraska,74,313,4.82,,27,,,4.52,Y
S,Louisville,73,218,4.62,,17,,,,Y
OLB,Temple,73,238,4.81,31,22,112,7.19,4.5,Y
DT,Alabama,76,321,,,21,,,,Y
RB,Wisconsin,73,215,4.52,35,19,126,7.04,4.07,Y
DE,Ohio State,77,269,4.86,32,24,120,6.89,4.21,Y
TE,Arkansas,77,250,4.79,,13,,,,Y
ILB,Miami (FL),71,236,4.78,32,27,113,,,Y
C,USC,77,298,5.12,,22,,,,Y
CB,Texas State,71,201,4.44,38,17,130,6.83,4.07,Y
ILB,Ohio State,76,254,4.68,33.5,20,124,,,Y
OLB,North Dakota State,75,255,4.77,34,27,120,7.1,4.25,Y
P,Texas A&M,74,212,4.95,,,,,,Y
DT,Arkansas,73,298,5,31,26,107,8,,Y
DL,South Carolina,77,324,,,,,,,Y
DE,Oregon,79,292,5.06,34,24,117,7.57,4.53,Y
WR,Arizona State,73,205,4.5,40,11,128,,,Y
OG,Stanford,76,312,5.32,29,30,99,7.62,4.64,Y
DL,Ohio State,76,266,4.79,33.5,29,116,7.1,4.14,Y
ILB,Alabama,73,229,,,,,,,Y
DE,Stanford,75,273,4.69,35,30,126,6.95,4.28,Y
DE,Oregon,79,291,5.05,32,,116,7.51,4.47,Y
OT,Notre Dame,80,309,,28.5,24,105,,,Y
WR,South Carolina,71,214,4.48,39,15,122,7.03,4.14,Y
WR,Washington,73,186,,,,,,,Y
S,Samford,73,221,4.53,,,124,,,Y
QB,Iowa,74,219,,31,,113,,,Y
CB,Colorado,75,198,4.45,40.5,,127,6.93,4.13,Y
WR,Baylor,77,226,,,23,,,,Y
CB,Mississippi State,71,182,4.45,,,,,,Y
OLB,BYU,75,236,4.64,38.5,21,119,6.9,4.28,Y
OLB,Virginia,75,247,4.6,35,,123,7.07,4.16,Y
P,Utah,74,218,4.63,32.5,,117,,,Y
TE,Oklahoma,78,252,4.8,33,14,116,6.85,4.32,Y
RB,Utah,71,210,4.41,35,14,125,7.19,4.19,Y
RB,South Carolina,69,217,4.61,34,17,116,7,4.18,Y
DE,North Carolina State,74,280,4.87,,28,,,,Y
WR,Georgia Tech,74,226,4.52,,,,,,Y
DE,Appalachian State,74,284,5.15,30,32,113,7.95,4.53,Y
CB,Kansas State,69,188,4.51,36.5,11,,,,Y
OT,Georgia,78,313,5.22,28,,103,7.9,4.78,Y
TE,Iowa,76,247,4.52,35,18,132,,,Y
LB,Arkansas,71,237,,33,24,117,,,Y
OL,West Virginia,78,306,5.35,26,20,106,7.87,5,Y
P,Clemson,77,229,5.18,,,,,,Y
OT,Mississippi,76,303,5.17,25,19,102,7.85,4.89,Y
WR,Louisiana Tech,68,181,4.63,33,13,117,6.74,4.01,Y
TE,Stanford,77,255,4.92,32,15,108,7.08,4.47,Y
S,Florida,73,208,,,16,,,,Y
TE,Georgia,77,244,4.78,34.5,21,120,7.18,4.46,Y
DT,Akron,73,319,5.04,28.5,25,108,7.73,4.65,Y
OLB,Utah,73,243,4.67,28.5,24,112,6.91,4.33,Y
QB,Louisiana Tech,76,234,4.56,32,,122,7.19,4.25,Y
RB,Florida,70,207,4.6,32,15,113,,,Y
WR,Michigan State,73,206,4.56,30.5,20,115,7.22,4.31,Y
WR,Tennessee,75,215,4.72,29,,119,,,Y
OG,Florida,80,355,5.21,23.5,20,97,8.23,4.78,Y
TE,South Carolina,77,244,4.73,,,,,,Y
RB,San Diego State,71,220,4.46,32.5,13,120,,,Y
LB,Texas Tech,73,240,4.54,,,,,,Y
OT,Texas A&M,78,324,5.27,32.5,24,109,,4.75,Y
DT,Michigan State,78,295,4.85,28.5,23,112,7.69,4.53,Y
S,Utah,73,195,4.48,35,,125,,,Y
LB,Tennessee,76,267,,,,,,,Y
DT,Alabama,75,307,5.21,31,,104,7.77,4.75,Y
C,LSU,78,310,5.15,27,26,107,7.89,4.81,Y
DE,Michigan,75,271,4.79,38.5,19,118,7.08,4.05,Y
WR,Mississippi,75,228,4.33,40.5,27,134,7.38,4.5,Y
DT,North Carolina,77,304,5.11,24.5,,101,7.93,4.63,Y
WR,Michigan,74,214,4.45,36,17,124,,,Y
WR,Kansas State,70,182,4.4,35.5,,121,6.89,4.07,Y
OL,LSU,74,327,5.24,30,27,108,,,Y
DE,USC,77,275,4.73,32.5,,118,7.24,4.39,Y
LB,Utah,74,237,4.64,32.5,30,116,6.9,4.03,Y
RB,Notre Dame,73,220,4.48,35.5,,121,,,Y
CB,Central Florida,73,194,4.38,38.5,17,132,6.87,4.14,Y
TE,Ohio State,78,257,4.76,30.5,17,111,7.05,4.2,Y
S,Michigan,73,216,4.47,33.5,17,115,6.96,4.27,Y
OT,Boise State,76,314,5.17,,23,,,,Y
S,Colorado,73,204,4.6,32.5,17,117,7.11,4.36,Y
TE,Washington,76,262,4.87,28,15,111,7.07,4.4,Y
WR,West Virginia,73,214,4.42,37,20,127,7.32,4.15,Y
OL,Wake Forest,76,322,5.2,31,33,108,7.76,4.95,Y
OT,San Diego State,77,307,5.09,31,25,113,7.9,4.66,Y
TE,Stanford,79,252,4.77,32.5,18,109,7.15,4.46,Y
OG,West Virginia,76,307,5.2,29.5,31,113,7.56,4.58,Y
RB,Miami,70,217,4.58,33.5,,119,7.18,4.32,Y
OLB,Central Florida,73,227,4.38,,20,117,,,Y
LB,Washington,73,230,4.56,34.5,21,121,6.85,4.09,Y
S,Oklahoma State,75,200,4.45,34.5,18,122,,,Y
DT,Maryland,76,291,4.95,29,24,,7.95,4.37,Y
DL,Syracuse,75,264,4.69,35.5,25,119,7.32,4.32,Y
P,Texas,74,208,,,,,,,Y
OT,Ohio State,76,299,5.5,24,,102,8.32,4.99,Y
CB,Towson,73,195,4.6,36.5,15,124,6.97,3.96,Y
RB,Arkansas,70,217,4.59,28.5,18,113,,,Y
S,Cincinnati,73,204,4.56,33,17,118,,,Y
RB,Miami (FL),70,201,4.48,39.5,17,130,7.07,4.31,Y
DE,Oregon State,77,246,4.72,36,22,121,7.28,4.28,Y
DL,Florida State,75,294,5.08,25.5,22,101,8.13,5.07,Y
OT,Mississippi State,77,331,5.55,23,,98,8.19,5.06,Y
WR,Florida,73,197,4.46,36.5,16,124,7.05,4.26,Y
WR,California,74,203,4.64,31,,111,7.13,4.2,Y
RB,Oklahoma State,73,218,4.58,37,23,130,,,Y
TE,LSU,77,248,4.66,36.5,,123,7.51,4.62,Y
RB,Georgia,73,222,4.52,,17,,,,Y
OT,Wisconsin,79,321,5.46,28.5,16,96,8.28,4.87,Y
OT,Louisville,76,323,5.08,,,,,,Y
QB,Oregon State,78,229,5.14,31,,105,7.29,4.39,Y
OT,Iowa,78,313,5.31,32,17,101,7.84,4.77,Y
ILB,Baylor,73,234,4.6,35,26,117,7.15,4.36,Y
DE,Memphis,75,275,4.88,31,16,111,7.39,4.58,Y
CB,Florida,70,204,4.5,39,15,130,,3.98,Y
DT,Washington,76,347,5.1,,41,,,,Y
OL,Iowa,77,320,4.85,36.5,24,121,7.65,4.68,Y
TE,Alabama,78,251,4.51,30,22,121,6.85,4.16,Y
QB,Florida State,76,231,4.97,28.5,,103,7.16,4.36,Y
LB,LSU,73,237,4.42,39.5,22,118,7.07,4.17,Y
OT,Penn State,78,338,5.27,32,26,109,7.95,4.79,Y
DE,East. Kentucky,74,251,4.8,35,25,121,7.21,4.35,Y
CB,Central Michigan,73,195,4.42,41.5,14,126,,,Y
S,Minnesota,69,203,4.45,36,,124,,,Y
S,Texas A&M,73,199,,,14,,,,Y
CB,North Carolina,71,200,4.54,35,18,118,6.9,4.28,Y
K,Florida State,73,207,4.96,,,,,,Y
OG,Hobart & William Smith,76,307,4.98,30.5,30,108,7.33,4.47,Y
CB,Auburn,73,203,4.53,34,16,124,,,Y
ILB,LSU,74,243,,,20,,,,Y
RB,Vanderbilt,70,214,4.51,32,,117,,,Y
WR,Penn State,73,209,4.42,36,19,126,7.01,4,Y
OT,Humboldt State,78,305,5.39,26.5,24,97,8.04,4.84,Y
CB,Auburn,73,206,4.3,41,16,130,7.02,4.19,Y
S,Kentucky,70,205,,,,,,,Y
DL,Iowa,79,271,4.82,35.5,18,118,6.95,4.23,Y
CB,North Carolina Central,71,189,4.47,36,18,122,6.88,4.09,Y
S,Pittsburgh,71,195,,,21,,,,Y
OLB,LSU,73,227,4.55,36,24,121,7.14,4.2,Y
K,Utah,73,232,,,,,,,Y
OT,UCLA,77,311,4.98,28,,104,8.15,5.11,Y
WR,Minnesota,73,206,,,,,,,Y
WR,Nebraska,73,197,4.42,41.5,7,129,6.66,4.15,Y
RB,Boise State,69,214,4.49,35.5,,121,6.93,4.28,Y
OLB,Oklahoma,73,235,4.7,37.5,21,121,7.07,4.36,Y
WR,Utah,70,195,4.51,33,10,113,6.97,4.26,Y
DL,Nebraska,73,308,4.75,,32,,,,Y
FB,Northwestern,73,239,4.6,38.5,30,123,7.12,4.12,Y
ILB,Wisconsin,74,238,,,18,,,,Y
DL,Missouri,76,296,5.19,24.5,28,98,7.97,4.82,Y
DT,USC,73,331,5.45,24.5,28,91,7.83,5,Y
FB,Hawaii,73,247,5.02,31.5,30,110,7.24,4.33,Y
LB,Temple,74,236,4.69,35,21,121,7.38,4.41,Y
RB,Louisiana-Lafayette,68,188,4.42,37.5,20,120,,,Y
CB,USC,70,186,4.42,36,,122,,,Y
LB,Alabama,75,232,,30,,116,6.95,4.36,Y
OL,Georgia,78,350,5.32,29,26,110,8.26,5.07,Y
QB,Oregon,76,222,4.52,36,,121,6.87,4.11,Y
WR,West. Michigan,75,209,,,,,,,Y
OT,Michigan State,78,308,5,30,25,103,7.63,4.57,Y
DE,Clemson,77,277,4.86,,,,,,Y
WR,Oklahoma,77,237,4.49,33.5,13,119,6.89,4.45,Y
EDGE,Boston Col.,75,252,4.64,36,24,119,6.88,4.19,Y
DT,Penn State,76,314,5.32,26,25,96,7.84,4.75,Y
RB,Alabama,75,247,4.54,37,22,130,7.2,4.38,Y
WR,Mississippi,73,226,4.49,36.5,19,120,,,Y
CB,LSU,73,197,4.46,35.5,,123,6.94,4.36,Y
TE,Florida International,75,248,4.62,38,22,127,,4.18,Y
OG,Utah,77,335,5.32,26.5,26,95,8.09,4.89,Y
WR,Western Kentucky,71,203,4.5,33.5,13,132,6.57,4.21,Y
OL,Charlotte,75,316,5.23,26,23,107,7.94,4.83,Y
RB,Appalachian State,70,203,4.41,37,20,125,,,Y
DT,Auburn,76,318,5.02,31,20,101,7.5,4.57,Y
FB,Alabama,71,254,4.94,33.5,23,114,7.56,4.4,Y
S,Iowa,71,210,4.48,37,14,123,6.81,4.1,Y
RB,Minnesota,71,229,4.81,38.5,17,121,,,Y
WR,Massachusetts,74,194,4.55,33.5,11,114,,,Y
S,Arizona,73,206,4.41,38.5,25,121,6.89,4.24,Y
ILB,UCLA,73,231,4.7,31.5,17,120,,,Y
CB,Southern Utah,73,203,4.53,37,11,120,7.08,4.19,Y
EDGE,Georgia,74,251,,,,,,,Y
DL,North Carolina State,74,297,5.05,29,29,118,7.89,4.51,Y
OG,Arkansas,76,314,5.45,23.5,22,90,7.94,5.02,Y
QB,Washington State,76,215,,26.5,,103,,,Y
C,Boston Col.,74,306,5.5,27,29,96,7.66,4.58,Y
OG,Tenn-Chattanooga,76,307,5.16,26.5,26,106,7.55,4.73,Y
QB,Hawaii,75,215,4.58,36,,121,7.13,4.52,Y
DE,TCU,75,242,4.74,29.5,25,120,7.2,4.44,Y
WR,William & Mary,73,210,4.41,38,16,122,6.96,4.08,Y
DL,Ohio State,77,264,,,,,,,Y
WR,Memphis,73,228,4.39,35,16,118,,,Y
OL,LSU,76,321,5.05,,,,,,Y
WR,Liberty,76,223,4.6,36,22,127,7.33,4.55,Y
OL,San Diego State,75,309,5.34,32,,108,8.14,4.65,Y
LB,Michigan,71,224,4.56,33,30,120,,,Y
S,Arkansas,73,206,4.6,34.5,24,125,,,Y
DL,North Carolina State,76,265,4.6,32,28,123,7.35,4.52,Y
QB,Ohio State,75,231,5.04,28.5,,,,,Y
DT,Alabama,75,286,5,30,21,108,7.49,4.5,Y
WR,TCU,74,202,4.5,41,14,131,6.84,4.08,Y
EDGE,Mississippi State,78,260,4.41,36,21,125,7,4.29,Y
OT,Iowa,77,319,5.05,,23,,,,Y
DE,Mississippi State,77,271,4.74,34,24,121,7.07,4.28,Y
OLB,Alabama,74,253,4.78,,,,,,Y
OLB,USC,73,226,4.58,27,16,114,,,Y
RB,LSU,70,224,4.49,31.5,15,,,,Y
OT,Louisville,77,298,5.33,,19,,,,Y
WR,Ohio State,73,208,4.35,37.5,18,125,7.01,4.15,Y
CB,UCLA,73,206,4.35,38,,136,6.94,4.12,Y
CB,Virginia Tech,71,187,4.48,,15,,,,Y
RB,Florida,74,231,4.61,31.5,20,112,,4.2,Y
WR,Duke,68,185,4.56,37,10,115,7.17,4.32,Y
S,Penn State,74,198,4.34,41,16,131,6.56,4.03,Y
OG,Alabama,77,310,5.48,,,,,,Y
RB,Stanford,69,200,,,18,,,,Y
RB,Oklahoma,71,233,4.65,33,30,116,7.26,4.37,Y
S,Michigan State,74,212,4.42,35,,125,,,Y
ILB,Arkansas,73,236,4.81,35,25,120,7.66,,Y
DT,Temple,75,299,5.03,28,32,108,7.78,4.71,Y
OT,Alabama,76,307,5.2,22.5,20,,7.83,4.7,Y
TE,Arkansas,77,252,4.69,29,,116,,,Y
DT,Virginia Tech,75,329,5.37,23.5,,96,7.95,4.83,Y
S,Virginia Tech,70,200,4.57,33,21,109,6.95,4.4,Y
QB,Indiana,78,234,5.02,29,,105,,,Y
ILB,Alabama,73,228,,,20,,,,Y
C,Wyoming,76,312,5.54,26.5,19,97,7.6,4.47,Y
WR,North Carolina State,74,221,4.6,32.5,18,117,7.15,4.32,Y
WR,Georgia State,75,219,4.44,41,19,136,6.82,4.28,Y
S,Louisville,76,217,,31.5,12,121,,,Y
ILB,Boston Col.,71,243,4.86,32,16,112,7.33,4.54,Y
CB,Virginia Tech,73,180,4.48,33.5,16,113,,4.45,Y
RB,Georgia,71,219,4.31,30.5,25,,,,Y
EDGE,Oklahoma State,75,252,4.65,37.5,22,126,,,Y
WR,SMU,71,203,4.55,33.5,17,116,6.91,4.19,Y
WR,Air Force,75,220,4.62,31.5,13,120,6.77,4.46,N
EDGE,Akron,75,243,4.6,39,19,122,7,4.44,N
WR,Akron,74,226,4.6,35,16,125,6.87,4.12,N
S,Alabama,70,194,,,,,,,N
CB,Alabama,73,199,,33,11,121,7.09,4.37,N
CB,Alabama,73,198,4.35,31.5,14,126,6.78,4.11,N
WR,Alabama,74,196,4.41,31,,116,6.9,4.2,N
DE,Alabama,76,297,4.83,31.5,28,111,7.98,4.62,N
DT,Alabama,74,311,4.95,28.5,27,107,7.58,4.71,N
CB,Alabama,73,183,4.63,33,,,,,N
OT,Alabama,77,313,5.38,26,20,97,,,N
DE,Alabama,74,265,4.99,28,17,108,7.74,4.69,N
ILB,Alabama,73,254,4.93,,,,,,N
WR,Alabama,70,182,4.63,32.5,8,119,6.91,4.19,N
QB,Alabama,71,218,4.57,30.5,,115,,,N
WR,Alabama,71,193,4.44,34.5,,118,6.97,4.18,N
OT,Alabama State,77,322,5.05,29.5,21,103,8.34,4.87,N
RB,Appalachian State,70,212,,,27,,,,N
RB,Arizona,65,185,4.61,34.5,19,118,7,4.15,N
WR,Arizona,75,209,4.65,33.5,9,,6.99,4.14,N
OL,Arizona State,77,300,,,20,,,,N
P,Arizona State,73,226,4.79,34.5,25,108,,4.72,N
RB,Arizona State,69,218,4.7,29.5,12,115,,,N
DE,Arizona State,75,296,5.16,30,25,105,,,N
WR,Arizona State,70,193,4.57,35.5,14,117,6.75,4.07,N
LB,Arkansas,73,234,4.69,33,18,111,7.38,4.32,N
TE,Arkansas,76,253,4.81,34,16,119,7.3,4.34,N
CB,Arkansas,71,209,4.61,31,11,111,,,N
QB,Arkansas,73,210,4.81,29.5,,112,7.18,4.48,N
CB,Arkansas,73,185,4.63,32.5,6,117,7.01,4.15,N
P,Arkansas,75,210,,,,,,,N
ILB,Arkansas,74,240,4.79,29.5,18,115,6.8,4.25,N
WR,Arkansas,73,212,4.64,,16,,,,N
WR,Arkansas,73,190,4.74,30,10,112,6.85,4.12,N
OT,Arkansas,82,309,5.42,26,,97,7.61,5.01,N
OT,Arkansas,76,335,5.55,22.5,19,94,8.72,5.06,N
TE,Arkansas,76,255,4.72,,15,,,,N
WR,Arkansas State,73,212,4.62,36,11,123,7.35,4.5,N
EDGE,Arkansas State,74,253,4.88,,23,,,,N
OT,Army,78,291,,,,,,,N
LB,Auburn,77,280,4.89,29,21,116,,,N
CB,Auburn,68,183,4.39,35.5,11,124,,,N
P,Auburn,74,213,5.09,,,,,,N
WR,Auburn,70,189,,35,12,124,7.09,4.23,N
EDGE,Auburn,74,249,4.79,,,116,,,N
RB,Auburn,73,233,4.74,33.5,22,116,,,N
S,Auburn,71,189,4.53,34,,121,,,N
S,Auburn,71,205,,,20,,,,N
RB,Auburn,70,228,4.64,32.5,20,111,7,4.21,N
OLB,Auburn,74,240,4.97,29,,113,,,N
CB,Auburn,69,186,4.33,36,19,123,7.25,4.25,N
ILB,Auburn,73,248,4.83,,21,,,,N
WR,Auburn,74,229,4.72,30,14,121,7.43,4.47,N
OT,Auburn,77,328,5.39,,,,8.22,4.91,N
C,Auburn,75,296,5.31,27.5,23,107,8.14,4.7,N
CB,Auburn,73,207,4.54,37.5,12,124,6.96,4.15,N
S,Auburn,71,197,4.59,37,15,128,6.95,4.11,N
EDGE,Ball State,73,249,,,25,110,,,N
RB,Ball State,69,220,4.8,35.5,16,117,7.63,4.5,N
CB,Baylor,69,186,4.59,33,12,120,7.01,4.3,N
RB,Baylor,68,205,4.55,39,15,123,,4.03,N
S,Baylor,71,190,4.61,35.5,12,133,7.09,4.12,N
CB,Baylor,75,189,4.44,39.5,8,131,,,N
WR,Baylor,71,182,4.41,37,13,119,,,N
QB,Baylor,75,213,,,,,,,N
DE,Baylor,80,287,4.96,32,23,123,7.53,4.56,N
WR,Baylor,70,209,4.44,,,,,,N
P,Baylor,76,227,5.06,,,,,,N
OL,Boise State,77,309,5.13,34,26,109,7.85,4.73,N
QB,Boise State,74,210,4.91,33,,116,7.1,4.29,N
P,Boise State,78,187,5.14,,,,,,N
OT,Boise State,79,301,5.26,32.5,26,107,8.07,4.6,N
CB,Boston Col.,69,169,4.52,39,8,122,6.96,4.25,N
S,Boston Col.,71,190,4.64,33.5,16,116,6.89,4.09,N
EDGE,Boston Col.,75,257,4.83,34,25,118,7.34,4.31,N
DE,Boston Col.,78,284,5.1,29.5,25,108,7.55,4.62,N
DT,Boston Col.,74,291,4.91,34.5,22,117,7.32,4.27,N
P,Bowling Green,79,232,,,,,,,N
WR,Bowling Green,73,201,4.57,33.5,8,116,,,N
P,Bucknell,73,213,4.69,34,13,,,,N
OT,Bucknell,79,318,5.45,27,18,106,7.57,4.69,N
QB,Buffalo,79,249,4.59,34.5,,120,7.09,4.28,N
WR,Buffalo,74,209,,32.5,18,122,7.12,,N
ILB,BYU,74,251,,33,23,118,7,4.32,N
OLB,BYU,77,238,4.73,34.5,18,118,6.83,4.15,N
LS,California,74,243,5.3,25.5,,99,,,N
TE,California,74,230,4.59,38,16,119,,,N
WR,Central Arkansas,76,214,4.58,33.5,16,119,7.11,4.28,N
WR,Central Florida,74,203,4.49,37.5,12,130,6.97,4.5,N
CB,Central Florida,73,179,4.64,34,,123,6.97,4.26,N
WR,Central Florida,73,198,4.6,41,16,132,6.86,4.15,N
CB,Central Michigan,71,187,4.48,37.5,11,,,,N
QB,Central Michigan,75,228,4.93,27,,105,7.23,4.47,N
WR,Central Michigan,73,196,4.51,32.5,,119,7.14,4.28,N
RB,Central Michigan,69,215,4.65,35.5,15,116,,,N
DL,Charleston,77,286,4.69,33.5,22,116,7.03,4.38,N
OG,Charleston Southern,75,301,5.23,27.5,24,107,8.13,4.9,N
RB,Charlotte,68,221,4.75,28.5,24,112,,,N
RB,Cincinnati,69,226,,,16,,,,N
WR,Cincinnati,73,190,4.54,31.5,8,123,,,N
WR,Cincinnati,76,207,4.55,35,12,123,7.08,4.63,N
CB,Clemson,70,192,4.37,,18,,,,N
DL,Clemson,75,305,5.12,25.5,35,101,7.84,4.84,N
OT,Clemson,77,303,,25.5,28,102,7.72,4.52,N
LB,Clemson,73,233,,,25,,,,N
LB,Clemson,75,253,,,,,,,N
OG,Clemson,76,320,5.45,24,18,96,7.84,4.8,N
S,Clemson,71,185,4.61,29.5,,,,,N
ILB,Clemson,73,238,,29.5,20,111,7.02,4.43,N
S,Clemson,73,206,4.6,33,19,119,6.9,4.2,N
WR,Clemson,70,193,4.61,31,13,116,7.19,4.49,N
DE,Clemson,76,282,4.8,,22,,,,N
DE,Clemson,77,299,5.01,33,,110,7.64,4.65,N
CB,Clemson,73,191,4.61,32.5,7,119,6.8,4,N
RB,Coastal Carolina,67,208,4.48,34,20,120,,,N
C,Coastal Carolina,74,292,4.97,,,,,,N
WR,Colorado,73,198,4.65,33.5,14,119,7.21,4.27,N
QB,Colorado,76,231,4.68,33,,117,7.25,4.43,N
S,Colorado,74,212,4.63,33.5,17,121,7.07,4.37,N
QB,Colorado,75,232,5.08,27,,105,7.32,4.45,N
CB,Colorado,73,187,4.43,36.5,,119,,,N
OT,Colorado,79,322,5.39,26.5,32,103,8.55,5.15,N
WR,Colorado,73,206,4.69,35,12,114,7.09,4.2,N
ILB,Colorado State,74,235,4.91,30.5,11,110,7.18,4.38,N
P,Colorado State,73,212,,,,,,,N
CB,Colorado State,73,188,4.55,41,,125,6.93,3.94,N
OLB,Colorado State,73,225,4.95,29,16,107,7.38,4.37,N
RB,Colorado State,67,199,4.8,33,,113,7.2,4.38,N
K,Colorado State,73,210,5.02,,,,,,N
DT,Connecticut,76,318,5.29,30,33,112,7.44,4.53,N
WR,Connecticut,73,205,4.63,32.5,9,118,,,N
S,Delaware,73,206,,,,,,,N
CB,Dubuque,73,181,,34,17,,6.89,4.2,N
LB,Duke,74,234,4.75,29.5,17,111,,,N
TE,Duke,76,249,4.89,,14,,,,N
S,Duke,73,212,4.56,,,,,,N
P,Duke,76,212,5.1,,,,,,N
C,Duke,75,305,5.39,24,27,103,7.89,4.76,N
QB,Duke,73,231,5.03,26.5,,100,7.47,4.62,N
OT,Duke,76,310,5.19,30,23,101,8.09,4.79,N
WR,East Carolina,73,199,4.51,34.5,19,124,,,N
OLB,East Carolina,74,223,4.61,34,18,123,7.15,4.47,N
TE,East Carolina,78,257,4.94,29.5,19,111,7.19,4.53,N
QB,East Carolina,74,218,4.94,29.5,,104,7.17,4.45,N
WR,East Carolina,74,211,4.59,,12,,,,N
WR,East. Washington,73,203,4.68,34,9,125,6.73,4.21,N
S,East. Washington,71,195,4.63,33,19,112,7.01,4.26,N
OT,Elon,77,323,5.05,28.5,26,105,7.88,5.05,N
OT,Ferris State,79,338,5.16,27.5,26,89,8.34,5.28,N
P,Florida,73,191,4.75,,,,,,N
S,Florida,71,210,4.48,36,17,117,7.03,4.2,N
OL,Florida,77,315,,,,,,,N
EDGE,Florida,73,266,5.02,30.5,17,108,7.5,4.53,N
OL,Florida,79,326,,,,,,,N
K,Florida,73,185,,,,,,,N
DE,Florida,75,265,4.89,26.5,16,109,7.36,4.46,N
TE,Florida,77,250,4.83,,17,,,,N
P,Florida,74,202,4.93,,,,,,N
OLB,Florida,75,261,4.6,32.5,19,112,7.4,4.32,N
DT,Florida,77,323,5.16,28,,100,8.26,4.9,N
CB,Florida Atlantic,73,183,4.59,33.5,,123,7.02,,N
LB,Florida Atlantic,73,234,,,16,,,,N
WR,Florida Atlantic,71,160,4.55,31.5,,120,7,4.31,N
CB,Florida State,73,187,4.65,,,,,,N
WR,Florida State,70,191,4.63,34,8,113,7.2,4.4,N
CB,Florida State,74,198,4.67,38.5,,121,,,N
OLB,Florida State,76,246,4.65,38.5,,122,,,N
OLB,Florida State,75,232,4.58,41.5,,131,6.85,4.28,N
WR,Florida State,73,189,4.65,31.5,12,114,6.93,4.46,N
FB,Florida State,73,234,4.75,28,24,111,7.65,4.45,N
WR,Florida State,68,185,4.44,32.5,8,120,7.17,4.37,N
WR,Florida State,69,189,4.57,,10,119,,4.57,N
S,Florida State,73,206,4.76,33,14,114,7.08,4.33,N
NT,Florida State,73,320,5.24,,,,,,N
DE,Florida State,77,285,4.94,30,20,114,7.53,4.78,N
ILB,Florida State,75,235,4.77,34.5,19,120,,,N
OG,Florida State,77,309,5.52,17.5,,84,8.19,5.12,N
LB,Fresno State,71,228,4.82,31,12,115,7.2,4.45,N
S,Fresno State,75,210,4.83,30,10,118,7.1,4.46,N
WR,Fresno State,73,191,4.64,32,13,108,7.15,4.36,N
K,Georgia,73,190,,,,,,,N
WR,Georgia,77,220,,,,,,,N
RB,Georgia,71,209,4.62,38.5,18,126,7.12,4.4,N
S,Georgia,73,202,4.54,34,15,130,,,N
RB,Georgia,70,217,4.78,29.5,26,118,,,N
DL,Georgia,76,280,5.14,26.5,22,108,,,N
DT,Georgia,76,321,5.38,24,,89,7.95,4.75,N
EDGE,Georgia,77,255,,,15,,,,N
S,Georgia,73,193,,,14,,,,N
DT,Georgia,76,288,5.06,32.5,,111,7.68,4.56,N
DE,Georgia,76,285,5.23,30,20,111,7.46,4.73,N
FB,Georgia,73,259,4.82,,,,,,N
NT,Georgia,75,338,5.34,23.5,33,104,,5.13,N
CB,Georgia State,71,195,4.6,40.5,15,134,,4.36,N
WR,Harding,73,211,4.4,34,17,118,7.51,4.5,N
TE,Harvard,75,250,4.73,35.5,20,121,6.9,4.2,N
OLB,Harvard,74,250,4.68,33.5,,125,,4.65,N
WR,Houston,71,186,,,10,,,,N
DT,Houston,75,313,5.54,22.5,,97,8.2,5.01,N
P,Idaho,75,214,,,,,,,N
OG,Idaho State,75,318,5.1,29,,104,7.95,4.69,N
DT,Illinois,74,301,,,23,,,,N
ILB,Illinois,73,232,4.78,33,18,116,,4.38,N
OLB,Illinois,75,242,4.64,30,23,123,7.06,4.37,N
WR,Illinois,75,196,4.67,33,,127,7.4,4.28,N
RB,Illinois,69,198,4.48,34.5,21,120,,,N
RB,Illinois State,69,219,4.64,40,24,125,7.03,4.19,N
OG,Illinois State,77,312,5.44,25.5,18,100,8.02,4.75,N
RB,Illinois State,68,207,4.47,34,17,112,7.26,4.58,N
S,Indiana,73,205,,31.5,16,115,,,N
LS,Indiana,76,241,5,34.5,16,118,7.56,4.55,N
OT,Indiana,76,314,,,,,,,N
WR,Indiana,75,220,4.64,30,11,113,6.7,4.32,N
CB,Indiana,70,175,,,,,,,N
ILB,Indiana,73,230,4.77,,27,,,,N
RB,Indiana,68,205,4.76,30.5,16,116,7.18,4.46,N
DT,Indiana,76,311,5.32,29,,100,7.76,4.63,N
DT,Indiana,75,283,5.16,32.5,,106,7.57,4.41,N
S,Indiana (PA),73,205,4.69,,15,,,,N
OG,Indiana (PA),74,322,5.36,24.5,26,99,8.02,4.88,N
RB,Iowa,70,194,4.54,32,12,,,,N
C,Iowa,75,306,5.43,25,20,103,7.9,4.81,N
K,Iowa,73,197,4.61,,,,,,N
S,Iowa,70,202,4.75,36,8,120,7.18,4.15,N
DE,Iowa,76,273,4.88,,,,,,N
DT,Iowa,73,290,4.96,32,,105,7.4,4.3,N
LS,Iowa State,76,235,4.76,26,,120,7.12,4.28,N
WR,Iowa State,77,227,4.55,38,17,122,,,N
TE,Iowa State,74,258,4.88,,20,,,,N
EDGE,Jacksonville State,75,242,4.87,26.5,21,113,7.52,,N
RB,Jacksonville State,70,198,4.56,35.5,16,125,,,N
DT,Jacksonville State,75,298,5.15,25,23,,7.9,4.97,N
S,James Madison,73,203,4.58,33.5,16,114,7,4.18,N
LB,Kansas,75,245,4.59,28,13,121,7.2,4.46,N
DL,Kansas,75,281,5.28,27.5,22,112,7.53,4.37,N
EDGE,Kansas,76,257,4.87,30,20,118,7.12,4.23,N
P,Kansas,76,227,5.12,,,,,,N
RB,Kansas State,73,226,4.59,38.5,34,126,6.95,4.1,N
WR,Kansas State,73,203,4.46,33.5,15,120,6.87,4.4,N
FB,Kansas State,74,239,4.71,33,17,120,7.1,4.45,N
C,Kansas State,76,318,5.25,24,20,99,,4.76,N
CB,Kentucky,74,197,,38.5,10,127,7.06,4.31,N
TE,Kentucky,76,249,,,,,,,N
LB,Kentucky,74,234,4.62,32.5,23,123,,4.37,N
RB,Kentucky,70,224,4.66,29.5,16,119,7.07,4.33,N
S,Kentucky,71,208,4.39,33.5,19,113,,,N
C,Kentucky,77,307,5.51,25.5,21,100,8.09,4.84,N
RB,Kentucky,67,190,4.51,36,18,121,6.86,4.18,N
S,Kentucky,71,193,4.79,33,15,115,7.17,4.25,N
RB,Kentucky,70,198,4.63,30.5,19,116,7.19,4.4,N
OT,Kentucky,77,307,5.51,25,,97,7.91,4.87,N
K,La-Monroe,75,196,4.93,,,,,,N
WR,Lafayette,73,204,4.62,33,15,121,7.08,4.11,N
K,Liberty,73,214,4.74,,,,,,N
QB,Liberty,75,231,4.8,31,,116,6.74,4.31,N
ILB,Lindenwood,71,242,4.73,33,18,114,7.13,4.31,N
CB,Louisiana St,73,171,4.49,35.5,,121,,,N
S,Louisiana-Lafayette,74,200,4.51,33,14,119,7,4.28,N
WR,Louisville,74,219,4.47,34.5,14,122,7.55,4.48,N
EDGE,Louisville,75,239,4.89,,22,,,,N
OLB,Louisville,74,236,4.72,34,,124,7.4,4.5,N
TE,Louisville,76,247,,,20,,,,N
ILB,Louisville,73,233,4.92,29.5,23,112,7.28,4.56,N
WR,Louisville,73,186,4.6,31,11,115,7,4.39,N
WR,Louisville,75,195,4.51,36,,130,,,N
RB,Louisville,74,234,4.63,,17,,,,N
RB,Louisville,68,218,4.58,34,26,120,,,N
LB,LSU,74,242,4.85,31,14,115,,,N
TE,LSU,74,250,,,,,,,N
S,LSU,73,201,4.67,29.5,,120,7.09,4.33,N
RB,LSU,71,209,4.72,35.5,15,118,7.38,4.44,N
K,LSU,70,184,,,,,,,N
WR,LSU,75,199,4.34,40,16,129,,,N
OG,LSU,76,303,5.34,29.5,15,103,,,N
CB,LSU,75,204,,33,10,120,,,N
OT,LSU,76,317,5.34,24.5,28,106,8.55,5.38,N
RB,LSU,73,225,4.72,32,22,109,,4.21,N
OLB,LSU,77,250,4.82,31.5,20,121,7.2,4.37,N
WR,LSU,73,202,4.57,30.5,,116,7.29,4.55,N
OT,LSU,76,305,5.1,27,21,108,7.7,4.63,N
RB,LSU,68,213,4.62,37,22,115,7.52,4.37,N
WR,Malone University (Ohio),73,215,4.43,38,13,121,7,4.22,N
WR,Marshall,75,211,,32,12,117,,4.25,N
S,Marshall,73,209,4.63,34.5,17,114,7.45,4.3,N
QB,Marshall,77,230,4.9,29.5,,106,7.49,4.53,N
RB,Marshall,73,238,4.64,,,,,,N
RB,Maryland,73,215,4.65,34,,125,,,N
CB,Maryland,71,193,4.46,35.5,14,120,,,N
CB,Maryland,67,180,,,15,,,,N
K,Maryland,73,186,4.88,,,,,,N
OLB,Maryland,74,248,4.8,,25,,,,N
WR,Maryland,73,192,4.51,34,12,120,6.98,4.27,N
TE,Massachusetts,77,245,4.84,33,,114,7.5,4.6,N
RB,Memphis,73,217,4.57,34,15,123,,4.34,N
OL,Memphis,74,293,,,22,,,,N
QB,Memphis,75,212,4.98,29,,110,6.96,4.4,N
CB,Memphis,70,189,4.62,34.5,18,120,,,N
OG,Memphis,76,303,5.57,23.5,22,90,7.9,4.65,N
CB,Miami,68,180,4.5,,10,,,,N
DL,Miami,75,248,4.89,28,,113,,,N
LB,Miami,71,235,,,,,,,N
WR,Miami,69,170,4.45,36.5,,125,,,N
S,Miami (FL),70,191,4.69,33,18,121,,,N
DL,Miami (FL),74,302,,,,,,,N
K,Miami (FL),70,183,4.94,,,111,,,N
CB,Miami (FL),73,194,4.46,32.5,13,120,6.95,4.25,N
TE,Miami (FL),76,253,,,21,,,,N
OG,Miami (FL),78,311,5.35,23.5,26,97,7.72,4.82,N
S,Miami (FL),73,218,4.64,35,19,122,,,N
P,Miami (FL),76,219,4.7,34,,,,,N
DE,Miami (FL),77,295,5.01,25,26,106,7.32,4.58,N
ILB,Miami (FL),73,236,4.72,,27,,,,N
WR,Miami (FL),73,199,4.54,32.5,17,116,,,N
S,Miami (FL),73,202,4.62,33.5,12,108,7.18,4.41,N
OT,Miami (OH),77,316,,25,23,97,,,N
CB,Michigan,70,190,,,21,,,,N
TE,Michigan,77,242,,,18,,,,N
QB,Michigan,73,212,4.71,31,,116,7.14,4.5,N
RB,Michigan,69,206,4.49,34,21,123,,,N
CB,Michigan,71,196,4.45,39.5,15,120,6.45,3.97,N
LB,Michigan,71,227,4.45,39.5,15,120,,,N
DT,Michigan,74,292,,,,,,,N
ILB,Michigan,76,243,4.76,31.5,16,119,7.09,4.25,N
OG,Michigan,78,329,5.04,28,25,102,7.85,4.9,N
RB,Michigan,71,223,,29,22,108,7.3,4.56,N
CB,Michigan,73,188,4.6,31.5,5,114,6.94,4.56,N
LB,Michigan State,73,230,4.67,33.5,26,119,6.93,4.34,N
QB,Michigan State,74,213,4.95,31,,113,7.14,4.4,N
WR,Michigan State,73,212,,35,15,117,,,N
WR,Michigan State,75,217,4.66,35.5,,120,7.19,4.52,N
DL,Michigan State,76,308,5.04,25.5,17,101,7.72,4.78,N
WR,Michigan State,75,211,,,21,,,,N
RB,Michigan State,73,227,,33,21,120,7.27,4.34,N
ILB,Michigan State,74,226,,31.5,20,116,,,N
C,Michigan State,73,294,5.29,26.5,23,101,7.9,4.73,N
DT,Michigan State,77,293,5.02,33,26,113,7.44,4.52,N
DT,Michigan State,75,286,4.98,35,,113,,,N
S,Michigan State,73,208,4.65,39.5,,119,7.09,4.33,N
ILB,Michigan State,75,245,4.95,32,19,115,7.25,4.33,N
WR,Middle Tennessee State,70,183,4.48,35.5,6,122,6.87,4.16,N
OT,Minnesota,77,335,,,,,,,N
QB,Minnesota,75,226,4.93,34.5,,123,6.96,4.25,N
S,Minnesota,73,206,,32.5,13,115,7.08,4.28,N
CB,Minnesota,69,193,4.47,35,10,123,7.16,4.22,N
DL,Mississippi,75,308,5.21,27,22,99,8.07,4.82,N
DL,Mississippi,73,316,5.26,26.5,,,8.21,5.27,N
RB,Mississippi,68,209,4.56,30,29,114,7.4,4.53,N
DL,Mississippi,75,261,4.83,31.5,28,115,,,N
WR,Mississippi,74,202,4.55,33.5,11,119,7.06,4.53,N
QB,Mississippi,75,221,4.77,27.5,,109,7.06,4.36,N
S,Mississippi,71,205,4.29,34.5,19,122,7,4.15,N
WR,Mississippi,75,197,4.42,34.5,8,123,6.73,4.14,N
DE,Mississippi,76,273,4.94,34,19,115,7.24,4.44,N
ILB,Mississippi,73,234,4.81,,,,,4.52,N
S,Mississippi,74,208,4.6,35,11,125,7.12,4.23,N
WR,Mississippi State,75,201,4.47,34,,125,7.31,4.46,N
DL,Mississippi State,74,262,4.97,30.5,20,106,7.33,4.7,N
OL,Mississippi State,74,304,5.23,25.5,23,102,7.88,4.76,N
OL,Mississippi State,74,310,5.07,28.5,26,105,7.46,4.62,N
QB,Mississippi State,77,226,4.64,29.5,,115,,,N
S,Mississippi State,73,212,4.77,36,12,,,4.46,N
CB,Mississippi State,74,218,4.63,,,,,,N
WR,Mississippi State,73,213,4.51,35,10,113,6.99,4.28,N
OLB,Mississippi State,73,229,4.77,31,18,110,7.07,4.28,N
CB,Mississippi State,73,192,4.58,33.5,14,,,,N
WR,Mississippi State,77,224,4.85,28,,113,,,N
CB,Mississippi State,73,191,4.36,38,15,129,7.05,4.07,N
QB,Missouri,75,229,4.69,35,,125,7.33,4.51,N
OL,Missouri,75,313,,,11,,,,N
OL,Missouri,78,331,5.52,25,21,,,,N
LB,Missouri,74,234,4.92,32,,124,6.91,4.13,N
OT,Missouri,78,317,5.18,27,16,103,7.68,4.74,N
TE,Missouri,78,262,4.95,31,22,113,7.37,4.42,N
WR,Missouri,74,201,4.39,43.5,15,141,,,N
LB,Missouri,73,230,,,20,,,,N
WR,Missouri,75,207,4.6,38,21,120,6.56,4.04,N
LB,Montana,74,237,4.88,42,15,124,7,4.32,N
DE,Montana,75,247,4.81,37.5,14,109,7.07,4.26,N
OT,Morgan State,77,314,5.32,36,,109,8.07,4.75,N
CB,Murray State,73,200,4.57,35.5,15,120,,4.4,N
DL,Nebraska,75,311,5.18,27,21,109,7.75,4.93,N
CB,Nebraska,74,208,4.58,36.5,10,122,,,N
WR,Nebraska,73,202,4.53,38.5,14,125,6.78,4.13,N
K,Nebraska,70,208,,,,,,,N
OT,Nebraska,77,307,5.46,24,20,94,7.61,4.68,N
CB,Nebraska,73,195,4.57,,14,,,,N
S,Nebraska,73,195,4.58,41.5,17,134,,,N
TE,Nebraska,75,241,4.68,,19,,,,N
QB,Nevada,73,223,4.63,32.5,,118,6.95,4.1,N
LB,New Mexico State,74,242,4.98,35.5,21,118,,,N
DE,Norfolk State,79,269,4.91,32.5,24,117,7.32,4.48,N
EDGE,North Carolina,74,251,4.73,33,25,113,7.4,,N
OT,North Carolina,78,313,5.27,30.5,23,111,8.01,5,N
WR,North Carolina,76,221,4.58,37.5,,119,6.95,4.14,N
OG,North Carolina,76,330,5.58,19,30,88,,,N
EDGE,North Carolina A&T,78,253,,,20,,,,N
OT,North Carolina State,75,306,,31.5,23,111,7.75,4.82,N
WR,North Carolina State,74,203,4.63,37,13,118,7.07,4.23,N
TE,North Carolina State,77,248,4.9,29.5,,106,,,N
RB,North Carolina State,73,217,4.75,31,12,116,6.85,4.21,N
QB,North Dakota State,73,224,4.62,33.5,,118,6.65,4.05,N
OLB,North Dakota State,75,251,4.85,29.5,18,112,7.09,4.23,N
RB,North Dakota State,73,217,4.62,40,15,125,7.15,4.25,N
DL,North Texas,74,262,4.89,30,27,114,7.66,4.49,N
RB,North Texas,71,210,,,15,,,,N
WR,Northern Arizona,75,217,,36,11,115,,4.22,N
WR,Northern Colorado,73,190,4.45,38.5,13,125,7.4,4.44,N
OT,Northern Illinois,78,327,,28,27,108,7.77,4.69,N
EDGE,Northern Illinois,73,233,4.69,31.5,25,118,6.75,4.32,N
CB,Northern Iowa,74,199,4.68,37,,127,7.07,4.06,N
LB,Northwestern,74,225,,,,,,,N
CB,Northwestern,71,190,4.68,34.5,9,123,6.95,4.08,N
S,Northwestern,73,205,4.44,35.5,19,128,6.56,4.12,N
WR,Northwestern St. (LA),77,227,4.45,37,8,123,7.25,4.59,N
S,Notre Dame,73,205,4.8,34,15,125,6.87,4.3,N
WR,Notre Dame,69,186,4.57,40,7,,,,N
RB,Notre Dame,70,220,4.68,32.5,13,119,7.18,4.21,N
OL,Notre Dame,78,312,,,,,,,N
LB,Notre Dame,73,234,,,,,,,N
RB,Notre Dame,74,213,,,18,,,,N
DT,Notre Dame,78,316,5.33,20.5,22,,,,N
WR,Notre Dame,74,194,4.48,,,,,,N
DE,Notre Dame,77,265,4.9,33,23,120,7.38,4.53,N
S,Notre Dame,73,216,4.58,33,18,119,,4.51,N
K,Notre Dame,73,236,5.17,,14,,,,N
WR,Notre Dame,73,201,4.62,37,13,122,,,N
WR,Ohio State,73,208,4.59,31.5,,117,,4.42,N
WR,Ohio State,76,198,4.6,35,9,128,7.1,,N
WR,Ohio State,70,201,4.41,37.5,16,120,,4.43,N
QB,Ohio State,73,224,4.7,30,,108,7.38,4.44,N
TE,Ohio State,75,247,4.81,33,,117,7.28,4.51,N
S,Ohio State,71,195,4.62,,17,,,,N
ILB,Ohio State,74,238,4.86,29.5,15,,,,N
P,Ohio State,71,194,4.92,,,,,,N
WR,Ohio State,70,200,4.6,37.5,16,125,6.8,4.13,N
S,Ohio State,75,211,4.46,34.5,15,120,7.03,4.25,N
RB,Oklahoma,74,248,4.83,30.5,17,109,7.45,4.53,N
CB,Oklahoma,73,186,4.64,38,4,124,6.28,3.94,N
DT,Oklahoma,74,310,4.96,28,25,107,7.89,4.96,N
ILB,Oklahoma,73,232,4.64,28.5,17,104,,,N
OG,Oklahoma,75,317,5.32,27.5,12,107,8.3,4.83,N
OLB,Oklahoma,71,227,4.8,30,23,116,7.3,4.46,N
OG,Oklahoma,76,338,5.74,,26,,,,N
CB,Oklahoma,74,205,4.58,36,,125,6.94,4.22,N
CB,Oklahoma State,73,202,4.62,,13,,,,N
WR,Oklahoma State,75,205,4.51,33.5,11,120,,,N
CB,Oklahoma State,73,189,4.52,34.5,19,120,,,N
DE,Oklahoma State,77,264,4.87,,20,,,,N
CB,Oklahoma State,70,181,4.58,35.5,14,121,6.94,4.31,N
DE,Old Dominion,76,273,,32,21,113,7.46,4.7,N
WR,Old Dominion,74,219,4.55,36,14,126,7.11,4.29,N
TE,Oregon,77,252,,,,,,,N
WR,Oregon,76,230,4.58,33,14,124,6.94,4.37,N
OL,Oregon,77,317,5.57,27,23,97,8.07,4.98,N
S,Oregon,69,199,4.51,32.5,18,115,7.21,4.19,N
LS,Oregon,73,243,5,30,18,111,7.26,4.28,N
TE,Oregon,78,255,,34,24,,,,N
QB,Oregon,71,200,4.83,29.5,,114,6.82,4.2,N
WR,Oregon,69,197,4.66,34.5,13,116,6.95,4.14,N
OT,Oregon,77,301,5.21,30.5,24,104,7.31,4.6,N
WR,Oregon,69,201,4.42,,17,,,,N
CB,Oregon,70,180,4.55,32.5,,120,6.81,4.21,N
OLB,Oregon,76,247,4.99,32.5,17,110,7.2,4.31,N
RB,Oregon State,74,232,4.58,33,15,122,6.95,4.16,N
WR,Oregon State,68,178,4.54,32,9,117,6.83,4.22,N
OL,Penn State,76,306,5.09,27,28,102,7.45,4.53,N
DL,Penn State,73,285,5.08,31,32,115,7.63,4.62,N
ILB,Penn State,73,239,,,19,,,,N
CB,Penn State,73,194,,,14,,,,N
CB,Penn State,69,190,4.44,34,15,119,6.51,3.94,N
DE,Penn State,75,261,4.9,28,20,105,7.21,4.41,N
K,Penn State,73,191,5.06,,,,,,N
OLB,Penn State,73,237,4.68,,31,,6.99,4.15,N
WR,Pittsburgh,68,192,4.5,32.5,12,120,6.89,4.28,N
OT,Pittsburgh,78,317,5.22,27,16,109,8.1,4.94,N
WR,Pittsburgh,74,211,4.43,38,15,129,7.24,4.41,N
P,Pittsburgh,77,217,,,,,,,N
TE,Pittsburgh,77,253,4.84,27,17,112,7.37,4.45,N
TE,Portland State,74,240,4.75,36.5,18,121,7,4.27,N
P,Portland State,74,221,5.08,,,,,,N
QB,Prairie View,76,248,4.99,31.5,,113,7.3,4.51,N
QB,Princeton,76,224,5,28,,109,7.13,4.37,N
DT,Purdue,76,301,5.37,,26,96,,,N
OL,Rhode Island,75,316,5.3,28,19,104,7.81,4.68,N
WR,Rhode Island,74,209,4.57,26.5,12,112,6.94,4.23,N
P,Rice,74,213,4.73,27.5,,114,,,N
ILB,Rutgers,73,241,4.78,32,19,116,7.5,4.56,N
P,Sam Houston State,76,209,4.98,,,,,,N
OT,San Diego State,79,320,,,25,,,,N
OT,San Diego State,78,312,5.21,30.5,18,108,7.75,4.76,N
S,San Diego State,74,200,4.66,33,9,120,6.94,4.28,N
TE,San Diego State,78,256,4.75,33,20,116,7.5,4.59,N
OT,San Diego State,77,273,,28,17,106,7.9,4.84,N
OG,San Diego State,75,321,5.2,21.5,28,98,8.07,4.98,N
OT,San Diego State,79,329,5.42,23,17,92,8.36,5.12,N
WR,San Diego State,73,218,4.68,27.5,17,110,7.35,4.58,N
CB,San Jose State,73,200,4.49,38,13,123,6.78,4.07,N
CB,San Jose State,71,188,4.68,35.5,,123,,,N
CB,San Jose State,73,198,4.73,32,19,117,,,N
QB,SE Louisiana,74,211,4.81,37,,125,7.13,4.2,N
TE,Shepherd,75,254,4.7,29,23,118,,,N
OT,Sioux Falls,78,309,5.12,33.5,16,114,7.61,4.7,N
S,SMU,73,209,4.71,33.5,21,118,,,N
WR,South Alabama,75,215,4.63,32.5,16,119,,4.66,N
QB,South Alabama,76,229,4.72,33,,110,7.18,4.37,N
TE,South Alabama,75,248,4.65,36,,119,7.29,4.49,N
P,South Carolina,76,195,,,,,,,N
RB,South Carolina,71,213,4.54,38,,127,,,N
LB,South Carolina,73,236,4.88,,14,,7.4,,N
OL,South Carolina,77,299,,28,24,103,,,N
CB,South Carolina,73,186,4.7,,,,,,N
OLB,South Carolina,74,226,4.73,36,,117,,,N
DT,South Carolina,74,312,5.28,23.5,18,101,7.95,4.75,N
RB,South Carolina,73,220,4.54,36.5,21,118,7.08,4.33,N
DT,South Carolina,73,304,5.19,30,29,106,7.78,4.71,N
OL,South Carolina State,80,308,5.09,25,21,116,7.77,4.79,N
OT,South Carolina State,79,332,,23.5,22,,,,N
CB,South Dakota State,73,201,4.51,39.5,13,128,,,N
WR,South Dakota State,76,221,4.67,34,9,114,7.24,4.37,N
FB,South Dakota State,71,223,4.6,41,25,121,7.08,4.14,N
TE,South Florida,75,247,4.88,31,,112,7.37,4.43,N
QB,South Florida,70,214,4.63,,,112,6.81,4.57,N
CB,Southern,70,185,4.44,35,15,123,,,N
WR,Southern Miss,73,212,4.56,34,13,123,,,N
DE,Southern Utah,75,248,4.82,31.5,21,111,6.8,4.31,N
OL,Stanford,75,335,5.41,24,29,90,8.15,5.04,N
CB,Stanford,73,191,4.6,36,9,121,6.7,4.15,N
OT,Stanford,77,307,,,,,,,N
DB,Stanford,74,205,,39,11,128,6.72,4.23,N
WR,Stanford,73,193,4.42,36.5,,129,6.77,4.19,N
K,Stanford,73,190,,,,,,,N
WR,Stanford,76,234,4.62,36,12,123,6.49,4.2,N
DE,Stephen F. Austin,76,283,4.75,33,26,113,7.36,4.48,N
RB,Stephen F. Austin,70,215,4.7,36.5,26,120,7.09,4.13,N
OT,Stony Brook,78,312,,,27,,,,N
DE,Stony Brook,73,246,4.86,32,,119,7.24,4.4,N
DL,Syracuse,75,257,4.95,32,,114,7.5,4.62,N
WR,Syracuse,73,197,4.5,36,,117,,,N
WR,Syracuse,76,214,4.5,34.5,,124,,,N
WR,Syracuse,73,208,4.49,31,14,126,6.95,4.32,N
DE,Syracuse,75,253,4.92,,18,,7.46,4.5,N
S,Syracuse,75,208,4.56,31,,117,7.09,4.26,N
OT,Syracuse,77,309,5.39,,35,,,,N
RB,TCU,70,208,4.61,36,19,128,,4.19,N
OL,TCU,75,309,5.22,27,25,94,8.03,4.87,N
RB,TCU,75,232,4.66,36,25,123,,4.28,N
DL,TCU,74,283,4.91,30,25,118,7.71,4.78,N
RB,TCU,70,204,4.63,36.5,13,122,,,N
OG,TCU,76,295,4.81,,34,,,,N
QB,TCU,73,212,4.77,32,,110,,4.4,N
K,TCU,74,186,4.96,,,,,,N
RB,TCU,67,186,4.57,36,,114,6.9,4.15,N
S,TCU,73,195,4.81,32,,110,7.12,4.2,N
CB,TCU,69,183,4.63,35.5,18,121,,,N
S,Temple,73,190,4.65,34.5,16,119,,4.62,N
RB,Temple,70,190,4.62,32,11,116,,,N
DE,Tenn-Chattanooga,75,271,,,,,,,N
DT,Tenn-Chattanooga,76,314,4.99,26.5,30,106,7.3,4.44,N
LB,Tennessee,74,246,4.84,32,16,121,,,N
WR,Tennessee,73,205,4.55,38,,126,,,N
TE,Tennessee,76,261,4.92,35,,119,,,N
P,Tennessee,73,230,4.98,32.5,23,119,,,N
OLB,Tennessee,75,247,4.73,,,,,,N
WR,Tennessee,74,223,4.48,35,17,123,6.9,4.13,N
CB,Tennessee,71,185,4.53,37.5,20,124,6.61,3.98,N
OG,Tennessee State,76,318,4.98,28.5,23,108,,,N
CB,Tennessee State,71,189,4.47,34,13,130,,,N
DL,Texas,74,297,4.84,30,20,114,,,N
CB,Texas,74,202,4.57,37,14,125,6.76,4.15,N
WR,Texas,76,210,4.75,33.5,13,119,7.09,4.29,N
LB,Texas,73,226,4.43,33.5,16,121,7.15,4.57,N
CB,Texas,75,200,4.49,31,14,120,6.83,4.15,N
RB,Texas,74,247,4.69,33,25,121,6.98,4.18,N
RB,Texas,71,224,4.62,34.5,19,117,6.86,4.15,N
DE,Texas,77,269,4.89,,22,,,,N
WR,Texas A&M,73,201,4.54,35.5,,,,,N
WR,Texas A&M,76,208,4.51,35.5,17,124,7.13,4.48,N
LB,Texas A&M,75,239,4.82,36,20,131,,,N
LB,Texas A&M,73,237,4.6,,24,118,,,N
DT,Texas A&M,73,298,5.16,29.5,20,105,7.33,4.58,N
P,Texas A&M,75,211,,,,,,,N
OG,Texas A&M,75,318,5.35,20,24,91,8.08,5,N
QB,Texas A&M,73,219,4.54,35.5,,125,7.04,4.14,N
WR,Texas A&M,71,199,,43.5,18,133,,,N
WR,Texas A&M,77,243,4.69,28,17,121,7.46,4.33,N
RB,Texas A&M,71,227,4.63,,19,,,,N
OG,Texas A&M,78,295,5.27,,20,,,,N
CB,Texas A&M,71,176,4.56,38.5,,124,6.82,4.06,N
OT,Texas A&M,77,277,4.98,32,,108,7.52,4.48,N
K,Texas A&M,73,216,5.16,,,,,,N
RB,Texas A&M,67,195,4.49,33.5,18,119,6.84,4.12,N
TE,Texas State,74,250,4.75,33,17,117,7.27,4.51,N
P,Texas State,74,206,5.02,,,,,,N
OL,Texas Tech,78,312,5.03,27.5,27,106,,5.08,N
WR,Texas Tech,76,206,,37,6,117,7.07,4.26,N
QB,Texas Tech,75,220,4.88,28.5,,101,7.28,4.32,N
DE,Texas Tech,76,273,5.06,31.5,20,113,7.4,4.77,N
TE,Texas-El Paso,76,264,4.97,28,18,109,7.55,4.59,N
TE,Texas-El Paso,78,263,4.98,30.5,19,110,7.46,4.54,N
WR,Toledo,73,205,4.57,38.5,19,119,6.87,4.03,N
EDGE,Toledo,74,248,4.83,31.5,26,,7.21,4.28,N
WR,Toledo,76,206,4.54,29.5,12,112,7.18,4.33,N
C,Toledo,76,301,5.08,,,,,,N
DE,Towson,76,254,4.97,,23,,,,N
CB,Troy,73,194,4.75,,14,126,7.33,4.22,N
WR,Tulsa,69,192,4.55,32.5,11,119,7.23,4.43,N
WR,Tulsa,75,220,4.53,36.5,14,128,7.3,4.33,N
WR,UC Davis,74,211,,,8,,,,N
CB,UCF,73,190,,35,10,126,6.88,4.31,N
K,UCLA,71,182,,,,,,,N
OT,UCLA,76,299,5.32,29,21,105,8,4.84,N
DE,UCLA,76,292,5.06,31,26,,,,N
C,UCLA,75,303,5.01,28,25,108,7.31,4.27,N
K,UCLA,71,183,4.96,,,,,,N
OG,UCLA,77,294,5.3,28,30,111,7.75,4.9,N
S,UCLA,73,198,4.72,33.5,15,116,7.18,4.15,N
DT,UCLA,77,338,5.21,32,24,109,8.16,5.07,N
OG,UNLV,79,301,5.6,25,,103,7.91,4.75,N
WR,UNLV,75,220,4.57,35.5,16,115,7.25,4.12,N
EDGE,USC,76,255,4.69,35.5,31,119,,,N
WR,USC,73,186,,,,,,,N
RB,USC,71,205,4.65,36.5,,,,,N
WR,USC,70,189,4.56,32.5,13,121,6.75,4.4,N
RB,USC,73,208,,,21,,,,N
OG,USC,75,334,5.84,24.5,,96,8.51,5.38,N
WR,USC,73,216,,26.5,8,112,7.22,4.54,N
OT,USC,79,306,5.48,20.5,15,105,,5.01,N
RB,USC,73,223,4.53,,24,,,,N
FB,USC,71,246,4.68,32,26,108,,,N
NT,USC,73,318,5.18,,,,,,N
OLB,USC,74,249,4.91,30.5,20,112,,,N
LB,Utah,73,234,4.81,32.5,19,120,,,N
CB,Utah,69,191,4.29,,21,,,,N
LB,Utah,75,222,,,,,,,N
WR,Utah,74,199,,36,,120,,,N
DT,Utah,74,315,,,28,,,,N
OG,Utah,77,310,5.4,28,,109,7.7,4.9,N
S,Utah,73,218,4.48,,19,,,,N
DE,Utah,74,271,4.92,35.5,23,113,7.06,4.39,N
P,Utah,70,198,4.86,,,,,,N
ILB,Utah,73,241,4.8,29.5,19,114,,4.52,N
ILB,Utah,70,231,5.05,31,22,113,,,N
WR,Utah,73,187,4.54,,13,,,,N
LB,Utah State,77,235,,,,,,,N
LB,Utah State,74,230,4.79,33.5,16,114,7.34,4.37,N
TE,Utah State,77,255,4.73,32,15,109,7.15,4.39,N
WR,Utah State,71,198,4.58,32.5,12,116,7.12,4.19,N
WR,Vanderbilt,73,207,4.57,32,16,127,,,N
TE,Vanderbilt,76,257,4.96,,23,,,,N
QB,Vanderbilt,76,230,4.91,29.5,,106,7.51,4.53,N
CB,Vanderbilt,76,211,4.64,,17,,,,N
OL,Villanova,76,327,,,,,,,N
LB,Virginia,75,241,,,,,,,N
QB,Virginia,75,218,4.95,31,16,112,7.15,4.33,N
S,Virginia,74,215,4.63,31.5,,122,,,N
S,Virginia,73,183,4.56,,,,,,N
OT,Virginia Tech,79,324,,,27,114,8.07,4.5,N
CB,Virginia Tech,74,197,4.53,,16,,,,N
WR,Virginia Tech,73,201,,,,,,,N
DE,Virginia Tech,75,257,4.88,30.5,,115,7.38,4.58,N
QB,Virginia Tech,75,232,4.8,26.5,,112,,4.41,N
DT,Virginia Tech,73,287,4.96,,29,,,,N
TE,Virginia Tech,76,247,4.77,34.5,18,121,7,4.33,N
S,Virginia Tech,73,207,4.56,,15,,,,N
CB,Wake Forest,69,191,4.46,39.5,12,128,6.95,4.13,N
WR,Wake Forest,67,173,,,,,,,N
S,Wake Forest,74,195,4.5,35.5,,117,6.78,4.26,N
CB,Washburn,71,196,4.47,39.5,15,135,6.82,4.14,N
OL,Washington,80,318,5.6,24.5,,92,,,N
RB,Washington,71,197,4.62,34.5,,120,,,N
TE,Washington,74,248,4.74,32.5,23,115,7.08,4.46,N
CB,Washington,68,183,4.62,31.5,,115,6.81,4.02,N
WR,Washington,71,188,4.59,34,,118,7.14,,N
QB,Washington,74,211,4.74,29,,112,7.19,4.44,N
RB,Washington,71,215,4.65,33,23,120,,,N
C,Washington,75,292,5.24,26.5,,110,7.62,4.59,N
TE,Washington,75,247,4.55,32,17,116,7.09,4.47,N
DE,Washington,74,266,,,24,,,,N
OLB,Washington,75,238,4.73,29.5,,114,7.11,4.32,N
QB,Washington State,74,205,,,,,,,N
RB,Washington State,69,197,4.58,36.5,,118,7.01,4.25,N
WR,Washington State,73,177,4.8,31.5,,,,,N
EDGE,Washington State,73,254,4.76,31.5,26,108,7.24,4.37,N
WR,Washington State,71,189,4.56,29.5,11,117,7.01,4.2,N
QB,Washington State,75,204,4.87,,,,,,N
OG,Wayne State (MI),77,315,5.41,27,23,105,7.97,4.89,N
OL,Weber State,76,301,5.02,33,39,112,8.06,4.94,N
OT,West Georgia,78,292,4.9,,,,,,N
OT,West Georgia,77,324,5.36,28.5,30,100,8.42,4.83,N
WR,West Virginia,75,211,4.57,37.5,14,117,6.97,4.28,N
RB,West Virginia,71,199,4.64,33.5,11,122,,,N
WR,West Virginia,73,206,4.52,33.5,24,118,7.16,4.57,N
RB,West Virginia,70,227,4.74,32.5,21,,,,N
DE,West Virginia,73,268,4.83,30.5,27,110,,,N
C,West Virginia,75,298,,,24,,,,N
P,West Virginia,75,219,5.05,,,,,,N
RB,West. Michigan,71,239,4.63,30,18,109,6.93,4.31,N
CB,West. Michigan,71,194,4.62,,,120,,,N
DL,Western Illinois,73,324,5.01,30.5,27,101,7.57,4.62,N
RB,Western Michigan,69,192,4.5,39.5,16,125,,,N
RB,Western Michigan,75,241,4.78,31,15,114,7.09,4.34,N
OT,William & Mary,79,321,5.61,26,18,103,8.35,5.17,N
OL,Wisconsin,78,309,5.24,,20,,,,N
S,Wisconsin,70,204,4.81,33.5,20,119,,,N
LB,Wisconsin,73,230,,,16,,,,N
FB,Wisconsin,73,242,4.89,34,16,116,7.35,4.32,N
EDGE,Wisconsin,75,248,4.8,33,21,121,,4.28,N
RB,Wisconsin,70,220,4.68,28.5,19,115,,,N
RB,Wisconsin,71,213,4.65,35,14,120,6.99,4.34,N
CB,Wisconsin,69,177,4.51,35,10,120,6.92,4.02,N
OT,Wisconsin,79,316,5.54,27.5,19,99,8.38,4.97,N
QB,Wisconsin,77,236,4.8,33.5,,115,7.29,4.33,N
EDGE,Wyoming,77,254,4.79,35,,119,7.44,4.41,N
S,Wyoming,73,209,4.56,36.5,9,121,7.08,4.2,N
FB,Yale,71,222,4.69,,23,,,,N
